<?xml version = '1.0' encoding = 'UTF-8'?>
<TableSettings class="oracle.dbtools.raptor.controls.grid.RaptorGridPersistedSettings" xmlns="http://xmlns.oracle.com/jdeveloper/110000/Table-attributes">
   <columnPositions class="java.util.ArrayList">
      <Item class="java.lang.String">OWNER</Item>
      <Item class="java.lang.String">TABLE_NAME</Item>
      <Item class="java.lang.String">TABLE_NAME_STG</Item>
      <Item class="java.lang.String">TABLE_NAME_ARC</Item>
      <Item class="java.lang.String">SYNONYM_NAME</Item>
      <Item class="java.lang.String">DOMAIN_NAME</Item>
      <Item class="java.lang.String">LOAD_BATCH_NAME</Item>
      <Item class="java.lang.String">RB_GAGNATORG_TABLES_ID</Item>
      <Item class="java.lang.String">SUBSCRIBE_DATE</Item>
      <Item class="java.lang.String">BANKING_DAY_FILTER</Item>
   </columnPositions>
   <columnWidths>
      <Item>68</Item>
      <Item>83</Item>
      <Item>108</Item>
      <Item>117</Item>
      <Item>101</Item>
      <Item>94</Item>
      <Item>119</Item>
      <Item>160</Item>
      <Item>106</Item>
      <Item>761</Item>
   </columnWidths>
   <searchParams class="java.util.ArrayList"/>
   <sortClauses>
      <Item class="java.lang.String">5 asc</Item>
      <Item/>
   </sortClauses>
   <uniqueName>IdeConnections%23VHGTEST_DEPOSITSselect *--table_name_arc
               from extstg.rb_gagnatorg_load_tables lt where lt.load_batch_name = 'TDC'</uniqueName>
</TableSettings>
