<?xml version = '1.0' encoding = 'UTF-8'?>
<TableSettings class="oracle.dbtools.raptor.controls.grid.RaptorGridPersistedSettings" xmlns="http://xmlns.oracle.com/jdeveloper/110000/Table-attributes">
   <columnPositions class="java.util.ArrayList">
      <Item class="java.lang.String">BUNKANUMER</Item>
      <Item class="java.lang.String">COUNT(1)</Item>
   </columnPositions>
   <columnWidths>
      <Item>87</Item>
      <Item>68</Item>
   </columnWidths>
   <searchParams class="java.util.ArrayList"/>
   <sortClauses>
      <Item class="java.lang.String">2 desc</Item>
      <Item class="java.lang.String">2 asc</Item>
      <Item/>
   </sortClauses>
   <uniqueName>IdeConnections%23ISDEV_SERHIIBWITH ResultList
AS (
SELECT
            TRUNC(I.DAGS_SKRAD) DAGS_SKRAD,
            EG.BUNKANUMER,
            EG.LINUNUMER,
            EG.MYNT,
            EG.ERLEND_FJARHAED,
            EG.KOSTNADUR, 
            EG.MYNT_GREIDANDA, 
            EG.GENGI_FYRIR_SKULDFAERSLU,
            EG.NAFN_VIDTAKANDA,
            decode(EG.GENGI,1,EG.GENGI_FYRIR_SKULDFAERSLU,EG.GENGI) GENGI,
            EG.STADA,
            TRUNC(EG.DAGS_FRAMKV) DAGS_FRAMKV, 
            (EG.BANKI_GREIDANDA || '-' || EG.HOFUDBOK_GREIDANDA || '-' || EG.REIKNINGSNUMER_GREIDANDA) AS UTREIKNINGUR,
            nvl(EG.ISLENSK_UPPHAED,(EG.ERLEND_FJARHAED*decode(EG.GENGI,1,EG.GENGI_FYRIR_SKULDFAERSLU,EG.GENGI))) ISK_FJARHAED,
            I.STADA AS INNTAK_STADA, 
            I.notandi, 
            EG.upphaed_greidanda, 
            EG.AUDKENNI_I_IBAS,
            ROWNUM as rn
         FROM
            SKJALINA.ERLEND_GREIDSLA EG, SKJALINA.INNTAK I
         WHERE
            EG.BUNKANUMER = I.BUNKANUMER
           -- and EG.BUNKANUMER =41236421
            /*AND
            I.DAGS_SKRAD between
               date'2012-07-01' AND date'2012-08-01'*/

        ORDER BY
            I.DAGS_SKRAD DESC,EG.NAFN_VIDTAKANDA,EG.ERLEND_FJARHAED)

SELECT BUNKANUMER, Count(1)
    FROM  ResultList t
    GROUP BY BUNKANUMER
--SELECT t.*, (select count(*) as row_cnt from ResultList)
 -- FROM  ResultList t
--where t.rn BETWEEN 1 AND 2000</uniqueName>
</TableSettings>
