<?xml version = '1.0' encoding = 'UTF-8'?>
<TableSettings class="oracle.dbtools.raptor.controls.grid.RaptorGridPersistedSettings" xmlns="http://xmlns.oracle.com/jdeveloper/110000/Table-attributes">
   <columnPositions class="java.util.ArrayList">
      <Item class="java.lang.String">OWNER</Item>
      <Item class="java.lang.String">VIEW_NAME</Item>
      <Item class="java.lang.String">TEXT_LENGTH</Item>
      <Item class="java.lang.String">TEXT</Item>
      <Item class="java.lang.String">TEXT_VC</Item>
      <Item class="java.lang.String">TYPE_TEXT_LENGTH</Item>
      <Item class="java.lang.String">TYPE_TEXT</Item>
      <Item class="java.lang.String">OID_TEXT_LENGTH</Item>
      <Item class="java.lang.String">OID_TEXT</Item>
      <Item class="java.lang.String">VIEW_TYPE_OWNER</Item>
      <Item class="java.lang.String">VIEW_TYPE</Item>
      <Item class="java.lang.String">SUPERVIEW_NAME</Item>
      <Item class="java.lang.String">EDITIONING_VIEW</Item>
      <Item class="java.lang.String">READ_ONLY</Item>
      <Item class="java.lang.String">CONTAINER_DATA</Item>
      <Item class="java.lang.String">BEQUEATH</Item>
      <Item class="java.lang.String">ORIGIN_CON_ID</Item>
   </columnPositions>
   <columnWidths>
      <Item>61</Item>
      <Item>194</Item>
      <Item>87</Item>
      <Item>53534</Item>
      <Item>27025</Item>
      <Item>117</Item>
      <Item>73</Item>
      <Item>112</Item>
      <Item>68</Item>
      <Item>119</Item>
      <Item>75</Item>
      <Item>111</Item>
      <Item>111</Item>
      <Item>78</Item>
      <Item>111</Item>
      <Item>72</Item>
      <Item>101</Item>
   </columnWidths>
   <searchParams class="java.util.ArrayList"/>
   <sortClauses>
      <Item/>
   </sortClauses>
   <uniqueName>IdeConnections%23VHGTEST_DEPOSITSselect * from all_views av
where av.owner = 'DEPOSITS'
and av.view_name like '%DWC'</uniqueName>
</TableSettings>
