<?xml version = '1.0' encoding = 'UTF-8'?>
<TableSettings class="oracle.dbtools.raptor.controls.grid.RaptorGridPersistedSettings" xmlns="http://xmlns.oracle.com/jdeveloper/110000/Table-attributes">
   <columnPositions class="java.util.ArrayList">
      <Item class="java.lang.String">DIMENSION_KEY</Item>
      <Item class="java.lang.String">CUST_ID</Item>
      <Item class="java.lang.String">LOAN_INTEREST_RATE</Item>
      <Item class="java.lang.String">INDEX_TYPE</Item>
      <Item class="java.lang.String">BASE_RATE</Item>
      <Item class="java.lang.String">PAYMENT_INTERVAL_TYPE</Item>
      <Item class="java.lang.String">TOTAL_MARGIN</Item>
      <Item class="java.lang.String">LAST_TRANSACTION</Item>
      <Item class="java.lang.String">CURRENCY</Item>
      <Item class="java.lang.String">STOCK_EXCHANGE</Item>
      <Item class="java.lang.String">RISK_LGD</Item>
      <Item class="java.lang.String">LOAN_TYPE</Item>
      <Item class="java.lang.String">NUMBER_OF_PAYMENTS</Item>
      <Item class="java.lang.String">INTEREST_BEFORE_AFTER</Item>
      <Item class="java.lang.String">ASSET_LIABILITY</Item>
      <Item class="java.lang.String">OVERDRAFT_LIMIT</Item>
      <Item class="java.lang.String">CURRENCY_TYPE</Item>
      <Item class="java.lang.String">KEY</Item>
      <Item class="java.lang.String">STRETCH_INDEX</Item>
      <Item class="java.lang.String">MARGIN_RESET_INTERVAL</Item>
      <Item class="java.lang.String">PORTFOLIO</Item>
      <Item class="java.lang.String">VALID_TO</Item>
      <Item class="java.lang.String">IS_STRETCHED</Item>
      <Item class="java.lang.String">BUSINESS_UNIT_MARGIN</Item>
      <Item class="java.lang.String">ORIGINAL_INDEX_VALUE</Item>
      <Item class="java.lang.String">SOURCE_SYSTEM</Item>
      <Item class="java.lang.String">END_DATE</Item>
      <Item class="java.lang.String">NEXT_MARGIN_RESET</Item>
      <Item class="java.lang.String">ACCOUNTING</Item>
      <Item class="java.lang.String">BASIC_PMT_GOAL</Item>
      <Item class="java.lang.String">LEGAL_COLLECTION_TYPE</Item>
      <Item class="java.lang.String">VALID_FROM</Item>
      <Item class="java.lang.String">ORIGIN_DATE</Item>
      <Item class="java.lang.String">STATUS</Item>
      <Item class="java.lang.String">PORTFOLIO_TYPE</Item>
      <Item class="java.lang.String">ORIGINAL_AMOUNT</Item>
      <Item class="java.lang.String">INTEREST_FIX_FLO</Item>
      <Item class="java.lang.String">BRANCH_ID</Item>
      <Item class="java.lang.String">OVERDRAFT_END_DATE</Item>
      <Item class="java.lang.String">STRETCH_ORIGINAL_INDEX_VALUE</Item>
      <Item class="java.lang.String">FUNDING_MARGIN</Item>
      <Item class="java.lang.String">FOLDER</Item>
      <Item class="java.lang.String">INTEREST_CURRENCY</Item>
      <Item class="java.lang.String">TITLE</Item>
      <Item class="java.lang.String">PAYMENT_TYPE</Item>
      <Item class="java.lang.String">BRANCH_NAME</Item>
      <Item class="java.lang.String">REGISTERED_DATE</Item>
      <Item class="java.lang.String">PAYMENT_ADJUSTMENT</Item>
      <Item class="java.lang.String">STRETCH_PAYLIMIT_ORIGINAL</Item>
      <Item class="java.lang.String">FACILITY_ID</Item>
      <Item class="java.lang.String">LOAN_DATE_IN_ARREARS</Item>
      <Item class="java.lang.String">CURRENT_INDEX_VALUE</Item>
      <Item class="java.lang.String">NEXT_BASE_RESET</Item>
      <Item class="java.lang.String">RESET_INTERVAL_TYPE</Item>
      <Item class="java.lang.String">BASE_RESET_INTERVAL</Item>
      <Item class="java.lang.String">ID</Item>
      <Item class="java.lang.String">PRINCIPAL_ADJUSTMENT</Item>
      <Item class="java.lang.String">STRETCH_PAYLIMIT_INDEXED</Item>
      <Item class="java.lang.String">PAYMENT_INTERVAL</Item>
      <Item class="java.lang.String">CONTRACT_NUMBER</Item>
      <Item class="java.lang.String">INTEREST_TYPE</Item>
      <Item class="java.lang.String">LEDGER</Item>
      <Item class="java.lang.String">CONVERSION_TYPE</Item>
      <Item class="java.lang.String">DEPOSIT_NEGATIVE_INTEREST_RATE</Item>
      <Item class="java.lang.String">DEPOSIT_POSITIVE_INTEREST_RATE</Item>
      <Item class="java.lang.String">OVERDRAFT_LIMIT_FOREIGN</Item>
      <Item class="java.lang.String">OVERDRAFT_FOREIGN_END_DATE</Item>
      <Item class="java.lang.String">OVERDRAFT_LIMIT_EFFECTIVE_DATE</Item>
      <Item class="java.lang.String">DISPOSITION_ACCOUNT</Item>
      <Item class="java.lang.String">ISSUE_DATE</Item>
      <Item class="java.lang.String">FIRST_INTEREST_DATE</Item>
      <Item class="java.lang.String">FUNDING_GROUP_OWNER</Item>
      <Item class="java.lang.String">STRETCH_TYPE</Item>
      <Item class="java.lang.String">FUNDING_GROUP_EFFECTIVE_DATE</Item>
      <Item class="java.lang.String">FUNDING_GROUP</Item>
      <Item class="java.lang.String">LAST_FUNDING_MARGIN</Item>
      <Item class="java.lang.String">LAST_BASE_RESET</Item>
      <Item class="java.lang.String">VALUE_DATE</Item>
      <Item class="java.lang.String">NEXT_FUNDING_MARGIN</Item>
      <Item class="java.lang.String">LAST_MARGIN_RESET</Item>
      <Item class="java.lang.String">TRADE_DATE</Item>
      <Item class="java.lang.String">IS_RECALCULATED</Item>
      <Item class="java.lang.String">IS_PAWNED</Item>
      <Item class="java.lang.String">RESTRICTION_CODE</Item>
      <Item class="java.lang.String">IS_110_WRITEOFF</Item>
      <Item class="java.lang.String">RESTRICTION_NAME</Item>
      <Item class="java.lang.String">ALLOCATION</Item>
      <Item class="java.lang.String">NEW_LOAN</Item>
      <Item class="java.lang.String">ALLOCATION_ID</Item>
      <Item class="java.lang.String">LAST_BANKING_DAY_DATE</Item>
      <Item class="java.lang.String">STATUS_DESC</Item>
      <Item class="java.lang.String">INTCAP_SELECTED</Item>
      <Item class="java.lang.String">TOTAL_PIK</Item>
      <Item class="java.lang.String">INTCAP_IS_ACTIVE</Item>
      <Item class="java.lang.String">INTCAP_TERMS_ENDS</Item>
      <Item class="java.lang.String">INTCAP_ENDS</Item>
      <Item class="java.lang.String">INTCAP_STARTS</Item>
      <Item class="java.lang.String">INTCAP_IS_ELIGIBLE</Item>
      <Item class="java.lang.String">INTCAP_HAS_TERMS</Item>
      <Item class="java.lang.String">INTCAP_MINIMUM</Item>
      <Item class="java.lang.String">INTCAP_CATEGORY</Item>
      <Item class="java.lang.String">NEXT_DUEDATE</Item>
      <Item class="java.lang.String">PREV_DUEDATE</Item>
      <Item class="java.lang.String">NUMBER_OF_PAYMENTS_LEFT</Item>
      <Item class="java.lang.String">IS_CORPORATE_CREDITCARD</Item>
      <Item class="java.lang.String">DEPOSIT_MATURITY</Item>
      <Item class="java.lang.String">IS_FROZEN</Item>
      <Item class="java.lang.String">FROZEN_END_DT</Item>
      <Item class="java.lang.String">PRIME_RATE</Item>
      <Item class="java.lang.String">FIRST_DUEDATE</Item>
   </columnPositions>
   <columnWidths>
      <Item>100</Item>
      <Item>75</Item>
      <Item>132</Item>
      <Item>79</Item>
      <Item>76</Item>
      <Item>149</Item>
      <Item>97</Item>
      <Item>121</Item>
      <Item>73</Item>
      <Item>111</Item>
      <Item>67</Item>
      <Item>76</Item>
      <Item>138</Item>
      <Item>150</Item>
      <Item>103</Item>
      <Item>112</Item>
      <Item>103</Item>
      <Item>82</Item>
      <Item>100</Item>
      <Item>150</Item>
      <Item>77</Item>
      <Item>68</Item>
      <Item>93</Item>
      <Item>143</Item>
      <Item>141</Item>
      <Item>104</Item>
      <Item>71</Item>
      <Item>127</Item>
      <Item>86</Item>
      <Item>108</Item>
      <Item>148</Item>
      <Item>83</Item>
      <Item>88</Item>
      <Item>57</Item>
      <Item>107</Item>
      <Item>117</Item>
      <Item>114</Item>
      <Item>77</Item>
      <Item>137</Item>
      <Item>192</Item>
      <Item>110</Item>
      <Item>58</Item>
      <Item>127</Item>
      <Item>117</Item>
      <Item>95</Item>
      <Item>236</Item>
      <Item>113</Item>
      <Item>136</Item>
      <Item>171</Item>
      <Item>81</Item>
      <Item>148</Item>
      <Item>139</Item>
      <Item>112</Item>
      <Item>134</Item>
      <Item>135</Item>
      <Item>117</Item>
      <Item>143</Item>
      <Item>165</Item>
      <Item>119</Item>
      <Item>121</Item>
      <Item>97</Item>
      <Item>57</Item>
      <Item>115</Item>
      <Item>203</Item>
      <Item>200</Item>
      <Item>163</Item>
      <Item>188</Item>
      <Item>203</Item>
      <Item>140</Item>
      <Item>80</Item>
      <Item>134</Item>
      <Item>149</Item>
      <Item>94</Item>
      <Item>196</Item>
      <Item>105</Item>
      <Item>140</Item>
      <Item>111</Item>
      <Item>82</Item>
      <Item>141</Item>
      <Item>126</Item>
      <Item>84</Item>
      <Item>112</Item>
      <Item>78</Item>
      <Item>121</Item>
      <Item>112</Item>
      <Item>121</Item>
      <Item>83</Item>
      <Item>75</Item>
      <Item>100</Item>
      <Item>151</Item>
      <Item>89</Item>
      <Item>111</Item>
      <Item>73</Item>
      <Item>114</Item>
      <Item>127</Item>
      <Item>88</Item>
      <Item>100</Item>
      <Item>121</Item>
      <Item>121</Item>
      <Item>108</Item>
      <Item>116</Item>
      <Item>96</Item>
      <Item>96</Item>
      <Item>167</Item>
      <Item>168</Item>
      <Item>119</Item>
      <Item>75</Item>
      <Item>104</Item>
      <Item>82</Item>
      <Item>100</Item>
   </columnWidths>
   <searchParams class="java.util.ArrayList"/>
   <sortClauses>
      <Item/>
   </sortClauses>
   <uniqueName>IdeConnections%23VHGTEST_VALHOLLselect * 
from VALHOLL.DIM_LOAN dc
where 1=1
order by dc.DIMENSION_KEY desc</uniqueName>
</TableSettings>
