<?xml version="1.0" encoding="UTF-8"?> 
<ucp-properties> 
  <connection-pool 
    connection-pool-name="pool1" 
	connection-factory-class-name="oracle.jdbc.pool.OracleDataSource" 
	url="jdbc:oracle:thin:@(DESCRIPTION=(ADDRESS=(PROTOCOL=tcp)(HOST=<host_name>)(PORT=<port_number>))(CONNECT_DATA=(SERVICE_NAME=cdb_root_app_service_name)))" 
	user="c##common_user"
    password="password" 
    initial-pool-size="1" 
    min-pool-size="1" 
    max-pool-size="1"
    shared="true" >
     
      <connection-property name="oracle.jdbc.ReadTimeout" value="20000"/>
      <connection-property name="oracle.net.OUTBOUND_CONNECT_TIMEOUT" value="20000"/>
       
      <data-source 
        data-source-name="tenant1_ds" 
        service="pdb1_app_service_name" 
        description="tenant1 data source" 
      />  
      <data-source data-source-name="tenant2_ds" 
        service="pdb2_app_service_name" 
        description="tenant2 data source" 
      />   
  </connection-pool>	
</ucp-properties>
