<?xml version = '1.0' encoding = 'UTF-8'?>
<TableSettings class="oracle.dbtools.raptor.controls.grid.RaptorGridPersistedSettings" xmlns="http://xmlns.oracle.com/jdeveloper/110000/Table-attributes">
   <columnPositions class="java.util.ArrayList">
      <Item class="java.lang.String">EVENT</Item>
      <Item class="java.lang.String">P1</Item>
      <Item class="java.lang.String">P2</Item>
      <Item class="java.lang.String">P3</Item>
   </columnPositions>
   <columnWidths>
      <Item>61</Item>
      <Item>75</Item>
      <Item>84</Item>
      <Item>108</Item>
   </columnWidths>
   <searchParams class="java.util.ArrayList"/>
   <sortClauses>
      <Item/>
   </sortClauses>
   <uniqueName>IdeConnections%23ISDEV_SERHIIBselect event,p1,p2,
                                   case when p3 = 0 then null else p3 end p3
                              from gv$session_wait
                             where sid = :SID</uniqueName>
</TableSettings>
