<?xml version = '1.0' encoding = 'UTF-8'?>
<TableSettings class="oracle.dbtools.raptor.controls.grid.RaptorGridPersistedSettings" xmlns="http://xmlns.oracle.com/jdeveloper/110000/Table-attributes">
   <columnPositions class="java.util.ArrayList">
      <Item class="java.lang.String">REFERENCE_DATE</Item>
      <Item class="java.lang.String">PRODUCT_ID</Item>
      <Item class="java.lang.String">HOST_PRODUCT_NUM</Item>
      <Item class="java.lang.String">PV_FEATURE_GROUP_ID</Item>
      <Item class="java.lang.String">CURRENCY_CD</Item>
      <Item class="java.lang.String">CLIENT_TYPE_CD</Item>
      <Item class="java.lang.String">OWNER_PARTY_TYPE_CD</Item>
      <Item class="java.lang.String">SIGN_CD</Item>
      <Item class="java.lang.String">BASE_RT</Item>
      <Item class="java.lang.String">MARGIN_RT</Item>
      <Item class="java.lang.String">INTEREST_RT</Item>
      <Item class="java.lang.String">TIER_1_FEATURE_GROUP_ID</Item>
      <Item class="java.lang.String">BASE_TIER_1_RT</Item>
      <Item class="java.lang.String">MARGIN_TIER_1_RT</Item>
      <Item class="java.lang.String">INTEREST_TIER_1_RT</Item>
      <Item class="java.lang.String">TIER_2_FEATURE_GROUP_ID</Item>
      <Item class="java.lang.String">BASE_TIER_2_RT</Item>
      <Item class="java.lang.String">MARGIN_TIER_2_RT</Item>
      <Item class="java.lang.String">INTEREST_TIER_2_RT</Item>
      <Item class="java.lang.String">TIER_3_FEATURE_GROUP_ID</Item>
      <Item class="java.lang.String">BASE_TIER_3_RT</Item>
      <Item class="java.lang.String">MARGIN_TIER_3_RT</Item>
      <Item class="java.lang.String">INTEREST_TIER_3_RT</Item>
      <Item class="java.lang.String">TIER_4_FEATURE_GROUP_ID</Item>
      <Item class="java.lang.String">BASE_TIER_4_RT</Item>
      <Item class="java.lang.String">MARGIN_TIER_4_RT</Item>
      <Item class="java.lang.String">INTEREST_TIER_4_RT</Item>
      <Item class="java.lang.String">TIER_5_FEATURE_GROUP_ID</Item>
      <Item class="java.lang.String">BASE_TIER_5_RT</Item>
      <Item class="java.lang.String">MARGIN_TIER_5_RT</Item>
      <Item class="java.lang.String">INTEREST_TIER_5_RT</Item>
   </columnPositions>
   <columnWidths>
      <Item>75</Item>
      <Item>135</Item>
      <Item>143</Item>
      <Item>75</Item>
      <Item>75</Item>
      <Item>75</Item>
      <Item>75</Item>
      <Item>75</Item>
      <Item>75</Item>
      <Item>75</Item>
      <Item>75</Item>
      <Item>75</Item>
      <Item>75</Item>
      <Item>75</Item>
      <Item>75</Item>
      <Item>75</Item>
      <Item>75</Item>
      <Item>75</Item>
      <Item>75</Item>
      <Item>75</Item>
      <Item>75</Item>
      <Item>75</Item>
      <Item>75</Item>
      <Item>75</Item>
      <Item>75</Item>
      <Item>75</Item>
      <Item>75</Item>
      <Item>75</Item>
      <Item>75</Item>
      <Item>75</Item>
      <Item>75</Item>
   </columnWidths>
   <searchParams class="java.util.ArrayList"/>
   <sortClauses>
      <Item/>
   </sortClauses>
   <uniqueName>IdeConnections%23VHGTEST_DEPOSITSselect * from t_rt_interest_all_base_tdc_01</uniqueName>
</TableSettings>
