<?xml version = '1.0' encoding = 'UTF-8'?>
<TableSettings class="oracle.dbtools.raptor.controls.grid.RaptorGridPersistedSettings" xmlns="http://xmlns.oracle.com/jdeveloper/110000/Table-attributes">
   <columnPositions class="java.util.ArrayList">
      <Item class="java.lang.String">OWNER</Item>
      <Item class="java.lang.String">VIEW_NAME</Item>
      <Item class="java.lang.String">SUBSTR_OF_VIEW_TEXT</Item>
   </columnPositions>
   <columnWidths>
      <Item>158</Item>
      <Item>194</Item>
      <Item>27515</Item>
   </columnWidths>
   <searchParams class="java.util.ArrayList"/>
   <sortClauses>
      <Item/>
   </sortClauses>
   <uniqueName>IdeConnections%23VHGTEST_BIFROSTselect *
  from (
select owner, view_name,
       serhiib.long_help.substr_of( 'select text
                               from dba_views
                              where owner = :owner
                                and view_name = :view_name',
                             1, 4000,
                             'owner', owner,
                             'view_name', view_name ) substr_of_view_text
  from dba_views
--where owner = 'KVASIR'
       )
where upper(substr_of_view_text) like '%UNDEFINED%'</uniqueName>
</TableSettings>
