<?xml version = '1.0' encoding = 'UTF-8'?>
<References xmlns="http://xmlns.oracle.com/adf/jndi">
   <Reference name="VHGTEST_KVASIR" className="oracle.jdeveloper.db.adapter.DatabaseProvider" xmlns="">
      <Factory className="oracle.jdevimpl.db.adapter.DatabaseProviderFactory1212"/>
      <RefAddresses>
         <StringRefAddr addrType="OracleConnectionType">
            <Contents>TNS</Contents>
         </StringRefAddr>
         <StringRefAddr addrType="oraDriverType">
            <Contents>thin</Contents>
         </StringRefAddr>
         <StringRefAddr addrType="user">
            <Contents>KVASIR</Contents>
         </StringRefAddr>
         <StringRefAddr addrType="role">
            <Contents/>
         </StringRefAddr>
         <StringRefAddr addrType="NoPasswordConnection">
            <Contents>TRUE</Contents>
         </StringRefAddr>
         <StringRefAddr addrType="subtype">
            <Contents>oraJDBC</Contents>
         </StringRefAddr>
         <StringRefAddr addrType="KERBEROS_AUTHENTICATION">
            <Contents>false</Contents>
         </StringRefAddr>
         <StringRefAddr addrType="OS_AUTHENTICATION">
            <Contents>false</Contents>
         </StringRefAddr>
         <StringRefAddr addrType="Connection-Color-For-Editors">
            <Contents>-16777216</Contents>
         </StringRefAddr>
         <StringRefAddr addrType="RaptorConnectionType">
            <Contents>Oracle</Contents>
         </StringRefAddr>
         <StringRefAddr addrType="ConnName">
            <Contents>VHGTEST_KVASIR</Contents>
         </StringRefAddr>
         <StringRefAddr addrType="customUrl">
            <Contents>VHGTEST.WORLD</Contents>
         </StringRefAddr>
         <StringRefAddr addrType="password">
            <Contents>teN6k4+14IE=</Contents>
         </StringRefAddr>
         <StringRefAddr addrType="SavePassword">
            <Contents>true</Contents>
         </StringRefAddr>
         <StringRefAddr addrType="driver">
            <Contents>oracle.jdbc.OracleDriver</Contents>
         </StringRefAddr>
      </RefAddresses>
   </Reference>
   <Reference name="VHGTEST_MIMIR" className="oracle.jdeveloper.db.adapter.DatabaseProvider" xmlns="">
      <Factory className="oracle.jdevimpl.db.adapter.DatabaseProviderFactory1212"/>
      <RefAddresses>
         <StringRefAddr addrType="OracleConnectionType">
            <Contents>TNS</Contents>
         </StringRefAddr>
         <StringRefAddr addrType="oraDriverType">
            <Contents>thin</Contents>
         </StringRefAddr>
         <StringRefAddr addrType="user">
            <Contents>MIMIR</Contents>
         </StringRefAddr>
         <StringRefAddr addrType="role">
            <Contents/>
         </StringRefAddr>
         <StringRefAddr addrType="NoPasswordConnection">
            <Contents>TRUE</Contents>
         </StringRefAddr>
         <StringRefAddr addrType="subtype">
            <Contents>oraJDBC</Contents>
         </StringRefAddr>
         <StringRefAddr addrType="KERBEROS_AUTHENTICATION">
            <Contents>false</Contents>
         </StringRefAddr>
         <StringRefAddr addrType="OS_AUTHENTICATION">
            <Contents>false</Contents>
         </StringRefAddr>
         <StringRefAddr addrType="Connection-Color-For-Editors">
            <Contents>-16777216</Contents>
         </StringRefAddr>
         <StringRefAddr addrType="RaptorConnectionType">
            <Contents>Oracle</Contents>
         </StringRefAddr>
         <StringRefAddr addrType="ConnName">
            <Contents>VHGTEST_MIMIR</Contents>
         </StringRefAddr>
         <StringRefAddr addrType="customUrl">
            <Contents>VHGTEST.WORLD</Contents>
         </StringRefAddr>
         <StringRefAddr addrType="password">
            <Contents>7sONNNelx8I=</Contents>
         </StringRefAddr>
         <StringRefAddr addrType="SavePassword">
            <Contents>true</Contents>
         </StringRefAddr>
         <StringRefAddr addrType="driver">
            <Contents>oracle.jdbc.OracleDriver</Contents>
         </StringRefAddr>
      </RefAddresses>
   </Reference>
   <Reference name="VHGTEST_UTGARDUR" className="oracle.jdeveloper.db.adapter.DatabaseProvider" xmlns="">
      <Factory className="oracle.jdevimpl.db.adapter.DatabaseProviderFactory1212"/>
      <RefAddresses>
         <StringRefAddr addrType="OracleConnectionType">
            <Contents>TNS</Contents>
         </StringRefAddr>
         <StringRefAddr addrType="oraDriverType">
            <Contents>thin</Contents>
         </StringRefAddr>
         <StringRefAddr addrType="user">
            <Contents>UTGARDUR</Contents>
         </StringRefAddr>
         <StringRefAddr addrType="role">
            <Contents/>
         </StringRefAddr>
         <StringRefAddr addrType="NoPasswordConnection">
            <Contents>TRUE</Contents>
         </StringRefAddr>
         <StringRefAddr addrType="subtype">
            <Contents>oraJDBC</Contents>
         </StringRefAddr>
         <StringRefAddr addrType="KERBEROS_AUTHENTICATION">
            <Contents>false</Contents>
         </StringRefAddr>
         <StringRefAddr addrType="OS_AUTHENTICATION">
            <Contents>false</Contents>
         </StringRefAddr>
         <StringRefAddr addrType="Connection-Color-For-Editors">
            <Contents>-16777216</Contents>
         </StringRefAddr>
         <StringRefAddr addrType="RaptorConnectionType">
            <Contents>Oracle</Contents>
         </StringRefAddr>
         <StringRefAddr addrType="ConnName">
            <Contents>VHGTEST_UTGARDUR</Contents>
         </StringRefAddr>
         <StringRefAddr addrType="customUrl">
            <Contents>VHGTEST.WORLD</Contents>
         </StringRefAddr>
         <StringRefAddr addrType="password">
            <Contents>rjEJENacPTo=</Contents>
         </StringRefAddr>
         <StringRefAddr addrType="SavePassword">
            <Contents>true</Contents>
         </StringRefAddr>
         <StringRefAddr addrType="driver">
            <Contents>oracle.jdbc.OracleDriver</Contents>
         </StringRefAddr>
      </RefAddresses>
   </Reference>
   <Reference name="VHGTEST_VALHOLL" className="oracle.jdeveloper.db.adapter.DatabaseProvider" xmlns="">
      <Factory className="oracle.jdevimpl.db.adapter.DatabaseProviderFactory1212"/>
      <RefAddresses>
         <StringRefAddr addrType="OracleConnectionType">
            <Contents>TNS</Contents>
         </StringRefAddr>
         <StringRefAddr addrType="oraDriverType">
            <Contents>thin</Contents>
         </StringRefAddr>
         <StringRefAddr addrType="user">
            <Contents>VALHOLL</Contents>
         </StringRefAddr>
         <StringRefAddr addrType="role">
            <Contents/>
         </StringRefAddr>
         <StringRefAddr addrType="NoPasswordConnection">
            <Contents>TRUE</Contents>
         </StringRefAddr>
         <StringRefAddr addrType="subtype">
            <Contents>oraJDBC</Contents>
         </StringRefAddr>
         <StringRefAddr addrType="KERBEROS_AUTHENTICATION">
            <Contents>false</Contents>
         </StringRefAddr>
         <StringRefAddr addrType="OS_AUTHENTICATION">
            <Contents>false</Contents>
         </StringRefAddr>
         <StringRefAddr addrType="Connection-Color-For-Editors">
            <Contents>-16777216</Contents>
         </StringRefAddr>
         <StringRefAddr addrType="RaptorConnectionType">
            <Contents>Oracle</Contents>
         </StringRefAddr>
         <StringRefAddr addrType="ConnName">
            <Contents>VHGTEST_VALHOLL</Contents>
         </StringRefAddr>
         <StringRefAddr addrType="customUrl">
            <Contents>VHGTEST.WORLD</Contents>
         </StringRefAddr>
         <StringRefAddr addrType="password">
            <Contents>/HFw9gAGZDeGMl5sOumjRA==</Contents>
         </StringRefAddr>
         <StringRefAddr addrType="SavePassword">
            <Contents>true</Contents>
         </StringRefAddr>
         <StringRefAddr addrType="driver">
            <Contents>oracle.jdbc.OracleDriver</Contents>
         </StringRefAddr>
      </RefAddresses>
   </Reference>
   <Reference name="vhgstbclone_kvasir" className="oracle.jdeveloper.db.adapter.DatabaseProvider" xmlns="">
      <Factory className="oracle.jdevimpl.db.adapter.DatabaseProviderFactory1212"/>
      <RefAddresses>
         <StringRefAddr addrType="OracleConnectionType">
            <Contents>TNS</Contents>
         </StringRefAddr>
         <StringRefAddr addrType="oraDriverType">
            <Contents>thin</Contents>
         </StringRefAddr>
         <StringRefAddr addrType="user">
            <Contents>KVASIR</Contents>
         </StringRefAddr>
         <StringRefAddr addrType="role">
            <Contents/>
         </StringRefAddr>
         <StringRefAddr addrType="NoPasswordConnection">
            <Contents>TRUE</Contents>
         </StringRefAddr>
         <StringRefAddr addrType="subtype">
            <Contents>oraJDBC</Contents>
         </StringRefAddr>
         <StringRefAddr addrType="KERBEROS_AUTHENTICATION">
            <Contents>false</Contents>
         </StringRefAddr>
         <StringRefAddr addrType="OS_AUTHENTICATION">
            <Contents>false</Contents>
         </StringRefAddr>
         <StringRefAddr addrType="RaptorConnectionType">
            <Contents>Oracle</Contents>
         </StringRefAddr>
         <StringRefAddr addrType="ConnName">
            <Contents>vhgstbclone_kvasir</Contents>
         </StringRefAddr>
         <StringRefAddr addrType="customUrl">
            <Contents>jdbc:oracle:oci8:@VHGSTBCLONE</Contents>
         </StringRefAddr>
         <StringRefAddr addrType="password">
            <Contents>pEFpDAQBulf43K+cus85gQ==</Contents>
         </StringRefAddr>
         <StringRefAddr addrType="SavePassword">
            <Contents>true</Contents>
         </StringRefAddr>
         <StringRefAddr addrType="driver">
            <Contents>oracle.jdbc.OracleDriver</Contents>
         </StringRefAddr>
      </RefAddresses>
   </Reference>
   <Reference name="vhgstbclone_mimir" className="oracle.jdeveloper.db.adapter.DatabaseProvider" xmlns="">
      <Factory className="oracle.jdevimpl.db.adapter.DatabaseProviderFactory1212"/>
      <RefAddresses>
         <StringRefAddr addrType="OracleConnectionType">
            <Contents>TNS</Contents>
         </StringRefAddr>
         <StringRefAddr addrType="oraDriverType">
            <Contents>thin</Contents>
         </StringRefAddr>
         <StringRefAddr addrType="user">
            <Contents>MIMIR</Contents>
         </StringRefAddr>
         <StringRefAddr addrType="role">
            <Contents/>
         </StringRefAddr>
         <StringRefAddr addrType="NoPasswordConnection">
            <Contents>TRUE</Contents>
         </StringRefAddr>
         <StringRefAddr addrType="subtype">
            <Contents>oraJDBC</Contents>
         </StringRefAddr>
         <StringRefAddr addrType="KERBEROS_AUTHENTICATION">
            <Contents>false</Contents>
         </StringRefAddr>
         <StringRefAddr addrType="OS_AUTHENTICATION">
            <Contents>false</Contents>
         </StringRefAddr>
         <StringRefAddr addrType="RaptorConnectionType">
            <Contents>Oracle</Contents>
         </StringRefAddr>
         <StringRefAddr addrType="ConnName">
            <Contents>vhgstbclone_mimir</Contents>
         </StringRefAddr>
         <StringRefAddr addrType="customUrl">
            <Contents>jdbc:oracle:oci8:@VHGSTBCLONE</Contents>
         </StringRefAddr>
         <StringRefAddr addrType="password">
            <Contents>pEFpDAQBulf43K+cus85gQ==</Contents>
         </StringRefAddr>
         <StringRefAddr addrType="SavePassword">
            <Contents>true</Contents>
         </StringRefAddr>
         <StringRefAddr addrType="driver">
            <Contents>oracle.jdbc.OracleDriver</Contents>
         </StringRefAddr>
      </RefAddresses>
   </Reference>
   <Reference name="vhgstbclone_utgardur" className="oracle.jdeveloper.db.adapter.DatabaseProvider" xmlns="">
      <Factory className="oracle.jdevimpl.db.adapter.DatabaseProviderFactory1212"/>
      <RefAddresses>
         <StringRefAddr addrType="OracleConnectionType">
            <Contents>TNS</Contents>
         </StringRefAddr>
         <StringRefAddr addrType="oraDriverType">
            <Contents>thin</Contents>
         </StringRefAddr>
         <StringRefAddr addrType="user">
            <Contents>UTGARDUR</Contents>
         </StringRefAddr>
         <StringRefAddr addrType="role">
            <Contents/>
         </StringRefAddr>
         <StringRefAddr addrType="NoPasswordConnection">
            <Contents>TRUE</Contents>
         </StringRefAddr>
         <StringRefAddr addrType="subtype">
            <Contents>oraJDBC</Contents>
         </StringRefAddr>
         <StringRefAddr addrType="KERBEROS_AUTHENTICATION">
            <Contents>false</Contents>
         </StringRefAddr>
         <StringRefAddr addrType="OS_AUTHENTICATION">
            <Contents>false</Contents>
         </StringRefAddr>
         <StringRefAddr addrType="RaptorConnectionType">
            <Contents>Oracle</Contents>
         </StringRefAddr>
         <StringRefAddr addrType="ConnName">
            <Contents>vhgstbclone_utgardur</Contents>
         </StringRefAddr>
         <StringRefAddr addrType="customUrl">
            <Contents>vhgstbclone, vhgstbclone.world</Contents>
         </StringRefAddr>
         <StringRefAddr addrType="password">
            <Contents>pEFpDAQBulf43K+cus85gQ==</Contents>
         </StringRefAddr>
         <StringRefAddr addrType="SavePassword">
            <Contents>true</Contents>
         </StringRefAddr>
         <StringRefAddr addrType="driver">
            <Contents>oracle.jdbc.OracleDriver</Contents>
         </StringRefAddr>
      </RefAddresses>
   </Reference>
   <Reference name="VHGTEST_DEPOSITS" className="oracle.jdeveloper.db.adapter.DatabaseProvider" xmlns="">
      <Factory className="oracle.jdevimpl.db.adapter.DatabaseProviderFactory1212"/>
      <RefAddresses>
         <StringRefAddr addrType="OracleConnectionType">
            <Contents>TNS</Contents>
         </StringRefAddr>
         <StringRefAddr addrType="oraDriverType">
            <Contents>thin</Contents>
         </StringRefAddr>
         <StringRefAddr addrType="user">
            <Contents>DEPOSITS</Contents>
         </StringRefAddr>
         <StringRefAddr addrType="role">
            <Contents/>
         </StringRefAddr>
         <StringRefAddr addrType="NoPasswordConnection">
            <Contents>TRUE</Contents>
         </StringRefAddr>
         <StringRefAddr addrType="subtype">
            <Contents>oraJDBC</Contents>
         </StringRefAddr>
         <StringRefAddr addrType="KERBEROS_AUTHENTICATION">
            <Contents>false</Contents>
         </StringRefAddr>
         <StringRefAddr addrType="OS_AUTHENTICATION">
            <Contents>false</Contents>
         </StringRefAddr>
         <StringRefAddr addrType="RaptorConnectionType">
            <Contents>Oracle</Contents>
         </StringRefAddr>
         <StringRefAddr addrType="ConnName">
            <Contents>VHGTEST_DEPOSITS</Contents>
         </StringRefAddr>
         <StringRefAddr addrType="customUrl">
            <Contents>VHGTEST.WORLD</Contents>
         </StringRefAddr>
         <StringRefAddr addrType="password">
            <Contents>q2na70y41KGU/UqXa2nXKg==</Contents>
         </StringRefAddr>
         <StringRefAddr addrType="SavePassword">
            <Contents>true</Contents>
         </StringRefAddr>
         <StringRefAddr addrType="driver">
            <Contents>oracle.jdbc.OracleDriver</Contents>
         </StringRefAddr>
      </RefAddresses>
   </Reference>
   <Reference name="VHGTEST_DEPOSITS_ACC" className="oracle.jdeveloper.db.adapter.DatabaseProvider" xmlns="">
      <Factory className="oracle.jdevimpl.db.adapter.DatabaseProviderFactory1212"/>
      <RefAddresses>
         <StringRefAddr addrType="OracleConnectionType">
            <Contents>TNS</Contents>
         </StringRefAddr>
         <StringRefAddr addrType="oraDriverType">
            <Contents>thin</Contents>
         </StringRefAddr>
         <StringRefAddr addrType="user">
            <Contents>DEPOSITS_ACC</Contents>
         </StringRefAddr>
         <StringRefAddr addrType="role">
            <Contents/>
         </StringRefAddr>
         <StringRefAddr addrType="NoPasswordConnection">
            <Contents>TRUE</Contents>
         </StringRefAddr>
         <StringRefAddr addrType="subtype">
            <Contents>oraJDBC</Contents>
         </StringRefAddr>
         <StringRefAddr addrType="KERBEROS_AUTHENTICATION">
            <Contents>false</Contents>
         </StringRefAddr>
         <StringRefAddr addrType="OS_AUTHENTICATION">
            <Contents>false</Contents>
         </StringRefAddr>
         <StringRefAddr addrType="RaptorConnectionType">
            <Contents>Oracle</Contents>
         </StringRefAddr>
         <StringRefAddr addrType="ConnName">
            <Contents>VHGTEST_DEPOSITS_ACC</Contents>
         </StringRefAddr>
         <StringRefAddr addrType="customUrl">
            <Contents>VHGTEST.WORLD</Contents>
         </StringRefAddr>
         <StringRefAddr addrType="password">
            <Contents>q2na70y41KGU/UqXa2nXKg==</Contents>
         </StringRefAddr>
         <StringRefAddr addrType="SavePassword">
            <Contents>true</Contents>
         </StringRefAddr>
         <StringRefAddr addrType="driver">
            <Contents>oracle.jdbc.OracleDriver</Contents>
         </StringRefAddr>
      </RefAddresses>
   </Reference>
   <Reference name="VHGTEST_BIFROST" className="oracle.jdeveloper.db.adapter.DatabaseProvider" xmlns="">
      <Factory className="oracle.jdevimpl.db.adapter.DatabaseProviderFactory1212"/>
      <RefAddresses>
         <StringRefAddr addrType="OracleConnectionType">
            <Contents>TNS</Contents>
         </StringRefAddr>
         <StringRefAddr addrType="oraDriverType">
            <Contents>thin</Contents>
         </StringRefAddr>
         <StringRefAddr addrType="user">
            <Contents>BIFROST</Contents>
         </StringRefAddr>
         <StringRefAddr addrType="role">
            <Contents/>
         </StringRefAddr>
         <StringRefAddr addrType="NoPasswordConnection">
            <Contents>TRUE</Contents>
         </StringRefAddr>
         <StringRefAddr addrType="subtype">
            <Contents>oraJDBC</Contents>
         </StringRefAddr>
         <StringRefAddr addrType="KERBEROS_AUTHENTICATION">
            <Contents>false</Contents>
         </StringRefAddr>
         <StringRefAddr addrType="OS_AUTHENTICATION">
            <Contents>false</Contents>
         </StringRefAddr>
         <StringRefAddr addrType="RaptorConnectionType">
            <Contents>Oracle</Contents>
         </StringRefAddr>
         <StringRefAddr addrType="ConnName">
            <Contents>VHGTEST_BIFROST</Contents>
         </StringRefAddr>
         <StringRefAddr addrType="customUrl">
            <Contents>VHGTEST.WORLD</Contents>
         </StringRefAddr>
         <StringRefAddr addrType="password">
            <Contents>GQkUoaqRprPrgfMBkmzFGA==</Contents>
         </StringRefAddr>
         <StringRefAddr addrType="SavePassword">
            <Contents>true</Contents>
         </StringRefAddr>
         <StringRefAddr addrType="driver">
            <Contents>oracle.jdbc.OracleDriver</Contents>
         </StringRefAddr>
      </RefAddresses>
   </Reference>
   <Reference name="VHGTEST_VERDANDI" className="oracle.jdeveloper.db.adapter.DatabaseProvider" xmlns="">
      <Factory className="oracle.jdevimpl.db.adapter.DatabaseProviderFactory1212"/>
      <RefAddresses>
         <StringRefAddr addrType="OracleConnectionType">
            <Contents>TNS</Contents>
         </StringRefAddr>
         <StringRefAddr addrType="oraDriverType">
            <Contents>thin</Contents>
         </StringRefAddr>
         <StringRefAddr addrType="user">
            <Contents>VERDANDI</Contents>
         </StringRefAddr>
         <StringRefAddr addrType="role">
            <Contents/>
         </StringRefAddr>
         <StringRefAddr addrType="NoPasswordConnection">
            <Contents>TRUE</Contents>
         </StringRefAddr>
         <StringRefAddr addrType="subtype">
            <Contents>oraJDBC</Contents>
         </StringRefAddr>
         <StringRefAddr addrType="KERBEROS_AUTHENTICATION">
            <Contents>false</Contents>
         </StringRefAddr>
         <StringRefAddr addrType="OS_AUTHENTICATION">
            <Contents>false</Contents>
         </StringRefAddr>
         <StringRefAddr addrType="RaptorConnectionType">
            <Contents>Oracle</Contents>
         </StringRefAddr>
         <StringRefAddr addrType="ConnName">
            <Contents>VHGTEST_VERDANDI</Contents>
         </StringRefAddr>
         <StringRefAddr addrType="customUrl">
            <Contents>VHGTEST.WORLD</Contents>
         </StringRefAddr>
         <StringRefAddr addrType="password">
            <Contents>OQDX3Pojx8ouyk8dMXa8dg==</Contents>
         </StringRefAddr>
         <StringRefAddr addrType="SavePassword">
            <Contents>true</Contents>
         </StringRefAddr>
         <StringRefAddr addrType="driver">
            <Contents>oracle.jdbc.OracleDriver</Contents>
         </StringRefAddr>
      </RefAddresses>
   </Reference>
   <Reference name="VHGDEV_BIFROST" className="oracle.jdeveloper.db.adapter.DatabaseProvider" xmlns="">
      <Factory className="oracle.jdevimpl.db.adapter.DatabaseProviderFactory1212"/>
      <RefAddresses>
         <StringRefAddr addrType="OracleConnectionType">
            <Contents>TNS</Contents>
         </StringRefAddr>
         <StringRefAddr addrType="oraDriverType">
            <Contents>thin</Contents>
         </StringRefAddr>
         <StringRefAddr addrType="user">
            <Contents>BIFROST</Contents>
         </StringRefAddr>
         <StringRefAddr addrType="role">
            <Contents/>
         </StringRefAddr>
         <StringRefAddr addrType="NoPasswordConnection">
            <Contents>TRUE</Contents>
         </StringRefAddr>
         <StringRefAddr addrType="subtype">
            <Contents>oraJDBC</Contents>
         </StringRefAddr>
         <StringRefAddr addrType="KERBEROS_AUTHENTICATION">
            <Contents>false</Contents>
         </StringRefAddr>
         <StringRefAddr addrType="OS_AUTHENTICATION">
            <Contents>false</Contents>
         </StringRefAddr>
         <StringRefAddr addrType="RaptorConnectionType">
            <Contents>Oracle</Contents>
         </StringRefAddr>
         <StringRefAddr addrType="ConnName">
            <Contents>VHGDEV_BIFROST</Contents>
         </StringRefAddr>
         <StringRefAddr addrType="customUrl">
            <Contents>vhgdev.world</Contents>
         </StringRefAddr>
         <StringRefAddr addrType="password">
            <Contents>clMaVE9t9LcbqXgpbh/esQ==</Contents>
         </StringRefAddr>
         <StringRefAddr addrType="SavePassword">
            <Contents>true</Contents>
         </StringRefAddr>
         <StringRefAddr addrType="driver">
            <Contents>oracle.jdbc.OracleDriver</Contents>
         </StringRefAddr>
      </RefAddresses>
   </Reference>
   <Reference name="vhgstbclone_bifrost" className="oracle.jdeveloper.db.adapter.DatabaseProvider" xmlns="">
      <Factory className="oracle.jdevimpl.db.adapter.DatabaseProviderFactory1212"/>
      <RefAddresses>
         <StringRefAddr addrType="OracleConnectionType">
            <Contents>TNS</Contents>
         </StringRefAddr>
         <StringRefAddr addrType="oraDriverType">
            <Contents>thin</Contents>
         </StringRefAddr>
         <StringRefAddr addrType="user">
            <Contents>BIFROST</Contents>
         </StringRefAddr>
         <StringRefAddr addrType="role">
            <Contents/>
         </StringRefAddr>
         <StringRefAddr addrType="NoPasswordConnection">
            <Contents>TRUE</Contents>
         </StringRefAddr>
         <StringRefAddr addrType="subtype">
            <Contents>oraJDBC</Contents>
         </StringRefAddr>
         <StringRefAddr addrType="KERBEROS_AUTHENTICATION">
            <Contents>false</Contents>
         </StringRefAddr>
         <StringRefAddr addrType="OS_AUTHENTICATION">
            <Contents>false</Contents>
         </StringRefAddr>
         <StringRefAddr addrType="RaptorConnectionType">
            <Contents>Oracle</Contents>
         </StringRefAddr>
         <StringRefAddr addrType="ConnName">
            <Contents>vhgstbclone_bifrost</Contents>
         </StringRefAddr>
         <StringRefAddr addrType="customUrl">
            <Contents>vhgstbclone, vhgstbclone.world</Contents>
         </StringRefAddr>
         <StringRefAddr addrType="password">
            <Contents>pEFpDAQBulf43K+cus85gQ==</Contents>
         </StringRefAddr>
         <StringRefAddr addrType="SavePassword">
            <Contents>true</Contents>
         </StringRefAddr>
         <StringRefAddr addrType="driver">
            <Contents>oracle.jdbc.OracleDriver</Contents>
         </StringRefAddr>
      </RefAddresses>
   </Reference>
   <Reference name="vhgstbclone_verdandi" className="oracle.jdeveloper.db.adapter.DatabaseProvider" xmlns="">
      <Factory className="oracle.jdevimpl.db.adapter.DatabaseProviderFactory1212"/>
      <RefAddresses>
         <StringRefAddr addrType="OracleConnectionType">
            <Contents>TNS</Contents>
         </StringRefAddr>
         <StringRefAddr addrType="oraDriverType">
            <Contents>thin</Contents>
         </StringRefAddr>
         <StringRefAddr addrType="user">
            <Contents>VERDANDI</Contents>
         </StringRefAddr>
         <StringRefAddr addrType="role">
            <Contents/>
         </StringRefAddr>
         <StringRefAddr addrType="NoPasswordConnection">
            <Contents>TRUE</Contents>
         </StringRefAddr>
         <StringRefAddr addrType="subtype">
            <Contents>oraJDBC</Contents>
         </StringRefAddr>
         <StringRefAddr addrType="KERBEROS_AUTHENTICATION">
            <Contents>false</Contents>
         </StringRefAddr>
         <StringRefAddr addrType="OS_AUTHENTICATION">
            <Contents>false</Contents>
         </StringRefAddr>
         <StringRefAddr addrType="RaptorConnectionType">
            <Contents>Oracle</Contents>
         </StringRefAddr>
         <StringRefAddr addrType="ConnName">
            <Contents>vhgstbclone_verdandi</Contents>
         </StringRefAddr>
         <StringRefAddr addrType="customUrl">
            <Contents>vhgstbclone, vhgstbclone.world</Contents>
         </StringRefAddr>
         <StringRefAddr addrType="password">
            <Contents>pEFpDAQBulf43K+cus85gQ==</Contents>
         </StringRefAddr>
         <StringRefAddr addrType="SavePassword">
            <Contents>true</Contents>
         </StringRefAddr>
         <StringRefAddr addrType="driver">
            <Contents>oracle.jdbc.OracleDriver</Contents>
         </StringRefAddr>
      </RefAddresses>
   </Reference>
   <Reference name="VHGPROD_SERHIIB" className="oracle.jdeveloper.db.adapter.DatabaseProvider" xmlns="">
      <Factory className="oracle.jdevimpl.db.adapter.DatabaseProviderFactory1212"/>
      <RefAddresses>
         <StringRefAddr addrType="OracleConnectionType">
            <Contents>TNS</Contents>
         </StringRefAddr>
         <StringRefAddr addrType="oraDriverType">
            <Contents>thin</Contents>
         </StringRefAddr>
         <StringRefAddr addrType="user">
            <Contents>serhiib</Contents>
         </StringRefAddr>
         <StringRefAddr addrType="role">
            <Contents/>
         </StringRefAddr>
         <StringRefAddr addrType="NoPasswordConnection">
            <Contents>TRUE</Contents>
         </StringRefAddr>
         <StringRefAddr addrType="subtype">
            <Contents>oraJDBC</Contents>
         </StringRefAddr>
         <StringRefAddr addrType="KERBEROS_AUTHENTICATION">
            <Contents>false</Contents>
         </StringRefAddr>
         <StringRefAddr addrType="OS_AUTHENTICATION">
            <Contents>false</Contents>
         </StringRefAddr>
         <StringRefAddr addrType="Connection-Color-For-Editors">
            <Contents>-65536</Contents>
         </StringRefAddr>
         <StringRefAddr addrType="RaptorConnectionType">
            <Contents>Oracle</Contents>
         </StringRefAddr>
         <StringRefAddr addrType="ConnName">
            <Contents>VHGPROD_SERHIIB</Contents>
         </StringRefAddr>
         <StringRefAddr addrType="customUrl">
            <Contents>VHGPROD.WORLD</Contents>
         </StringRefAddr>
         <StringRefAddr addrType="SavePassword">
            <Contents>false</Contents>
         </StringRefAddr>
         <StringRefAddr addrType="driver">
            <Contents>oracle.jdbc.OracleDriver</Contents>
         </StringRefAddr>
      </RefAddresses>
   </Reference>
   <Reference name="vhgstbclone_deposits" className="oracle.jdeveloper.db.adapter.DatabaseProvider" xmlns="">
      <Factory className="oracle.jdevimpl.db.adapter.DatabaseProviderFactory1212"/>
      <RefAddresses>
         <StringRefAddr addrType="OracleConnectionType">
            <Contents>TNS</Contents>
         </StringRefAddr>
         <StringRefAddr addrType="oraDriverType">
            <Contents>thin</Contents>
         </StringRefAddr>
         <StringRefAddr addrType="user">
            <Contents>DEPOSITS</Contents>
         </StringRefAddr>
         <StringRefAddr addrType="role">
            <Contents/>
         </StringRefAddr>
         <StringRefAddr addrType="NoPasswordConnection">
            <Contents>TRUE</Contents>
         </StringRefAddr>
         <StringRefAddr addrType="subtype">
            <Contents>oraJDBC</Contents>
         </StringRefAddr>
         <StringRefAddr addrType="KERBEROS_AUTHENTICATION">
            <Contents>false</Contents>
         </StringRefAddr>
         <StringRefAddr addrType="OS_AUTHENTICATION">
            <Contents>false</Contents>
         </StringRefAddr>
         <StringRefAddr addrType="RaptorConnectionType">
            <Contents>Oracle</Contents>
         </StringRefAddr>
         <StringRefAddr addrType="ConnName">
            <Contents>vhgstbclone_deposits</Contents>
         </StringRefAddr>
         <StringRefAddr addrType="customUrl">
            <Contents>vhgstbclone, vhgstbclone.world</Contents>
         </StringRefAddr>
         <StringRefAddr addrType="password">
            <Contents>pEFpDAQBulf43K+cus85gQ==</Contents>
         </StringRefAddr>
         <StringRefAddr addrType="SavePassword">
            <Contents>true</Contents>
         </StringRefAddr>
         <StringRefAddr addrType="driver">
            <Contents>oracle.jdbc.OracleDriver</Contents>
         </StringRefAddr>
      </RefAddresses>
   </Reference>
   <Reference name="VHGDEV_DEPOSITS" className="oracle.jdeveloper.db.adapter.DatabaseProvider" xmlns="">
      <Factory className="oracle.jdevimpl.db.adapter.DatabaseProviderFactory1212"/>
      <RefAddresses>
         <StringRefAddr addrType="OracleConnectionType">
            <Contents>TNS</Contents>
         </StringRefAddr>
         <StringRefAddr addrType="oraDriverType">
            <Contents>thin</Contents>
         </StringRefAddr>
         <StringRefAddr addrType="user">
            <Contents>DEPOSITS</Contents>
         </StringRefAddr>
         <StringRefAddr addrType="role">
            <Contents/>
         </StringRefAddr>
         <StringRefAddr addrType="NoPasswordConnection">
            <Contents>TRUE</Contents>
         </StringRefAddr>
         <StringRefAddr addrType="subtype">
            <Contents>oraJDBC</Contents>
         </StringRefAddr>
         <StringRefAddr addrType="KERBEROS_AUTHENTICATION">
            <Contents>false</Contents>
         </StringRefAddr>
         <StringRefAddr addrType="OS_AUTHENTICATION">
            <Contents>false</Contents>
         </StringRefAddr>
         <StringRefAddr addrType="RaptorConnectionType">
            <Contents>Oracle</Contents>
         </StringRefAddr>
         <StringRefAddr addrType="ConnName">
            <Contents>VHGDEV_DEPOSITS</Contents>
         </StringRefAddr>
         <StringRefAddr addrType="customUrl">
            <Contents>vhgdev.world</Contents>
         </StringRefAddr>
         <StringRefAddr addrType="password">
            <Contents>czHa1zUmksnl+6AyArXaDg==</Contents>
         </StringRefAddr>
         <StringRefAddr addrType="SavePassword">
            <Contents>true</Contents>
         </StringRefAddr>
         <StringRefAddr addrType="driver">
            <Contents>oracle.jdbc.OracleDriver</Contents>
         </StringRefAddr>
      </RefAddresses>
   </Reference>
   <Reference name="VHGDEV_PAYMENTS" className="oracle.jdeveloper.db.adapter.DatabaseProvider" xmlns="">
      <Factory className="oracle.jdevimpl.db.adapter.DatabaseProviderFactory1212"/>
      <RefAddresses>
         <StringRefAddr addrType="OracleConnectionType">
            <Contents>TNS</Contents>
         </StringRefAddr>
         <StringRefAddr addrType="oraDriverType">
            <Contents>thin</Contents>
         </StringRefAddr>
         <StringRefAddr addrType="user">
            <Contents>PAYMENTS</Contents>
         </StringRefAddr>
         <StringRefAddr addrType="role">
            <Contents/>
         </StringRefAddr>
         <StringRefAddr addrType="NoPasswordConnection">
            <Contents>TRUE</Contents>
         </StringRefAddr>
         <StringRefAddr addrType="subtype">
            <Contents>oraJDBC</Contents>
         </StringRefAddr>
         <StringRefAddr addrType="KERBEROS_AUTHENTICATION">
            <Contents>false</Contents>
         </StringRefAddr>
         <StringRefAddr addrType="OS_AUTHENTICATION">
            <Contents>false</Contents>
         </StringRefAddr>
         <StringRefAddr addrType="RaptorConnectionType">
            <Contents>Oracle</Contents>
         </StringRefAddr>
         <StringRefAddr addrType="ConnName">
            <Contents>VHGDEV_PAYMENTS</Contents>
         </StringRefAddr>
         <StringRefAddr addrType="customUrl">
            <Contents>vhgdev.world</Contents>
         </StringRefAddr>
         <StringRefAddr addrType="password">
            <Contents>3DuNCh6fACkBBL2Rg3zKfg==</Contents>
         </StringRefAddr>
         <StringRefAddr addrType="SavePassword">
            <Contents>true</Contents>
         </StringRefAddr>
         <StringRefAddr addrType="driver">
            <Contents>oracle.jdbc.OracleDriver</Contents>
         </StringRefAddr>
      </RefAddresses>
   </Reference>
   <Reference name="VHGTEST_PAYMENTS" className="oracle.jdeveloper.db.adapter.DatabaseProvider" xmlns="">
      <Factory className="oracle.jdevimpl.db.adapter.DatabaseProviderFactory1212"/>
      <RefAddresses>
         <StringRefAddr addrType="OracleConnectionType">
            <Contents>TNS</Contents>
         </StringRefAddr>
         <StringRefAddr addrType="oraDriverType">
            <Contents>thin</Contents>
         </StringRefAddr>
         <StringRefAddr addrType="user">
            <Contents>PAYMENTS</Contents>
         </StringRefAddr>
         <StringRefAddr addrType="role">
            <Contents/>
         </StringRefAddr>
         <StringRefAddr addrType="NoPasswordConnection">
            <Contents>TRUE</Contents>
         </StringRefAddr>
         <StringRefAddr addrType="subtype">
            <Contents>oraJDBC</Contents>
         </StringRefAddr>
         <StringRefAddr addrType="KERBEROS_AUTHENTICATION">
            <Contents>false</Contents>
         </StringRefAddr>
         <StringRefAddr addrType="OS_AUTHENTICATION">
            <Contents>false</Contents>
         </StringRefAddr>
         <StringRefAddr addrType="RaptorConnectionType">
            <Contents>Oracle</Contents>
         </StringRefAddr>
         <StringRefAddr addrType="ConnName">
            <Contents>VHGTEST_PAYMENTS</Contents>
         </StringRefAddr>
         <StringRefAddr addrType="customUrl">
            <Contents>VHGTEST.WORLD</Contents>
         </StringRefAddr>
         <StringRefAddr addrType="password">
            <Contents>kyn67HYIYSX+wmzyFn749Q==</Contents>
         </StringRefAddr>
         <StringRefAddr addrType="SavePassword">
            <Contents>true</Contents>
         </StringRefAddr>
         <StringRefAddr addrType="driver">
            <Contents>oracle.jdbc.OracleDriver</Contents>
         </StringRefAddr>
      </RefAddresses>
   </Reference>
   <Reference name="vhgstbclone_payments" className="oracle.jdeveloper.db.adapter.DatabaseProvider" xmlns="">
      <Factory className="oracle.jdevimpl.db.adapter.DatabaseProviderFactory1212"/>
      <RefAddresses>
         <StringRefAddr addrType="OracleConnectionType">
            <Contents>TNS</Contents>
         </StringRefAddr>
         <StringRefAddr addrType="oraDriverType">
            <Contents>thin</Contents>
         </StringRefAddr>
         <StringRefAddr addrType="user">
            <Contents>PAYMENTS</Contents>
         </StringRefAddr>
         <StringRefAddr addrType="role">
            <Contents/>
         </StringRefAddr>
         <StringRefAddr addrType="NoPasswordConnection">
            <Contents>TRUE</Contents>
         </StringRefAddr>
         <StringRefAddr addrType="subtype">
            <Contents>oraJDBC</Contents>
         </StringRefAddr>
         <StringRefAddr addrType="KERBEROS_AUTHENTICATION">
            <Contents>false</Contents>
         </StringRefAddr>
         <StringRefAddr addrType="OS_AUTHENTICATION">
            <Contents>false</Contents>
         </StringRefAddr>
         <StringRefAddr addrType="ConnName">
            <Contents>VHGSTBCLONE_PAYMENTS</Contents>
         </StringRefAddr>
         <StringRefAddr addrType="RaptorConnectionType">
            <Contents>Oracle</Contents>
         </StringRefAddr>
         <StringRefAddr addrType="customUrl">
            <Contents>vhgstbclone, vhgstbclone.world</Contents>
         </StringRefAddr>
         <StringRefAddr addrType="SavePassword">
            <Contents>true</Contents>
         </StringRefAddr>
         <StringRefAddr addrType="password">
            <Contents>pEFpDAQBulf43K+cus85gQ==</Contents>
         </StringRefAddr>
         <StringRefAddr addrType="driver">
            <Contents>oracle.jdbc.OracleDriver</Contents>
         </StringRefAddr>
      </RefAddresses>
   </Reference>
   <Reference name="ISDEV_PRODUCTS" className="oracle.jdeveloper.db.adapter.DatabaseProvider" xmlns="">
      <Factory className="oracle.jdevimpl.db.adapter.DatabaseProviderFactory1212"/>
      <RefAddresses>
         <StringRefAddr addrType="OracleConnectionType">
            <Contents>TNS</Contents>
         </StringRefAddr>
         <StringRefAddr addrType="oraDriverType">
            <Contents>thin</Contents>
         </StringRefAddr>
         <StringRefAddr addrType="user">
            <Contents>PRODUCTS</Contents>
         </StringRefAddr>
         <StringRefAddr addrType="role">
            <Contents/>
         </StringRefAddr>
         <StringRefAddr addrType="NoPasswordConnection">
            <Contents>TRUE</Contents>
         </StringRefAddr>
         <StringRefAddr addrType="subtype">
            <Contents>oraJDBC</Contents>
         </StringRefAddr>
         <StringRefAddr addrType="KERBEROS_AUTHENTICATION">
            <Contents>false</Contents>
         </StringRefAddr>
         <StringRefAddr addrType="OS_AUTHENTICATION">
            <Contents>false</Contents>
         </StringRefAddr>
         <StringRefAddr addrType="RaptorConnectionType">
            <Contents>Oracle</Contents>
         </StringRefAddr>
         <StringRefAddr addrType="ConnName">
            <Contents>ISDEV_PRODUCTS</Contents>
         </StringRefAddr>
         <StringRefAddr addrType="customUrl">
            <Contents>ISDEV,ISDEV.WORLD</Contents>
         </StringRefAddr>
         <StringRefAddr addrType="password">
            <Contents>dBcltCoV0tx8AHShU3OGGA==</Contents>
         </StringRefAddr>
         <StringRefAddr addrType="SavePassword">
            <Contents>true</Contents>
         </StringRefAddr>
         <StringRefAddr addrType="driver">
            <Contents>oracle.jdbc.OracleDriver</Contents>
         </StringRefAddr>
      </RefAddresses>
   </Reference>
   <Reference name="vhgstbclone_products" className="oracle.jdeveloper.db.adapter.DatabaseProvider" xmlns="">
      <Factory className="oracle.jdevimpl.db.adapter.DatabaseProviderFactory1212"/>
      <RefAddresses>
         <StringRefAddr addrType="OracleConnectionType">
            <Contents>TNS</Contents>
         </StringRefAddr>
         <StringRefAddr addrType="oraDriverType">
            <Contents>thin</Contents>
         </StringRefAddr>
         <StringRefAddr addrType="user">
            <Contents>PRODUCTS</Contents>
         </StringRefAddr>
         <StringRefAddr addrType="role">
            <Contents/>
         </StringRefAddr>
         <StringRefAddr addrType="NoPasswordConnection">
            <Contents>TRUE</Contents>
         </StringRefAddr>
         <StringRefAddr addrType="subtype">
            <Contents>oraJDBC</Contents>
         </StringRefAddr>
         <StringRefAddr addrType="KERBEROS_AUTHENTICATION">
            <Contents>false</Contents>
         </StringRefAddr>
         <StringRefAddr addrType="OS_AUTHENTICATION">
            <Contents>false</Contents>
         </StringRefAddr>
         <StringRefAddr addrType="RaptorConnectionType">
            <Contents>Oracle</Contents>
         </StringRefAddr>
         <StringRefAddr addrType="ConnName">
            <Contents>vhgstbclone_products</Contents>
         </StringRefAddr>
         <StringRefAddr addrType="customUrl">
            <Contents>vhgstbclone, vhgstbclone.world</Contents>
         </StringRefAddr>
         <StringRefAddr addrType="password">
            <Contents>pEFpDAQBulf43K+cus85gQ==</Contents>
         </StringRefAddr>
         <StringRefAddr addrType="SavePassword">
            <Contents>true</Contents>
         </StringRefAddr>
         <StringRefAddr addrType="driver">
            <Contents>oracle.jdbc.OracleDriver</Contents>
         </StringRefAddr>
      </RefAddresses>
   </Reference>
   <Reference name="VHGDEV_PRODUCTS" className="oracle.jdeveloper.db.adapter.DatabaseProvider" xmlns="">
      <Factory className="oracle.jdevimpl.db.adapter.DatabaseProviderFactory1212"/>
      <RefAddresses>
         <StringRefAddr addrType="OracleConnectionType">
            <Contents>TNS</Contents>
         </StringRefAddr>
         <StringRefAddr addrType="oraDriverType">
            <Contents>thin</Contents>
         </StringRefAddr>
         <StringRefAddr addrType="user">
            <Contents>PRODUCTS</Contents>
         </StringRefAddr>
         <StringRefAddr addrType="role">
            <Contents/>
         </StringRefAddr>
         <StringRefAddr addrType="NoPasswordConnection">
            <Contents>TRUE</Contents>
         </StringRefAddr>
         <StringRefAddr addrType="subtype">
            <Contents>oraJDBC</Contents>
         </StringRefAddr>
         <StringRefAddr addrType="KERBEROS_AUTHENTICATION">
            <Contents>false</Contents>
         </StringRefAddr>
         <StringRefAddr addrType="OS_AUTHENTICATION">
            <Contents>false</Contents>
         </StringRefAddr>
         <StringRefAddr addrType="RaptorConnectionType">
            <Contents>Oracle</Contents>
         </StringRefAddr>
         <StringRefAddr addrType="ConnName">
            <Contents>VHGDEV_PRODUCTS</Contents>
         </StringRefAddr>
         <StringRefAddr addrType="customUrl">
            <Contents>vhgdev.world</Contents>
         </StringRefAddr>
         <StringRefAddr addrType="password">
            <Contents>dBcltCoV0tx8AHShU3OGGA==</Contents>
         </StringRefAddr>
         <StringRefAddr addrType="SavePassword">
            <Contents>true</Contents>
         </StringRefAddr>
         <StringRefAddr addrType="driver">
            <Contents>oracle.jdbc.OracleDriver</Contents>
         </StringRefAddr>
      </RefAddresses>
   </Reference>
   <Reference name="vhgstbclone_valholl" className="oracle.jdeveloper.db.adapter.DatabaseProvider" xmlns="">
      <Factory className="oracle.jdevimpl.db.adapter.DatabaseProviderFactory1212"/>
      <RefAddresses>
         <StringRefAddr addrType="OracleConnectionType">
            <Contents>TNS</Contents>
         </StringRefAddr>
         <StringRefAddr addrType="oraDriverType">
            <Contents>thin</Contents>
         </StringRefAddr>
         <StringRefAddr addrType="user">
            <Contents>VALHOLL</Contents>
         </StringRefAddr>
         <StringRefAddr addrType="role">
            <Contents/>
         </StringRefAddr>
         <StringRefAddr addrType="NoPasswordConnection">
            <Contents>TRUE</Contents>
         </StringRefAddr>
         <StringRefAddr addrType="subtype">
            <Contents>oraJDBC</Contents>
         </StringRefAddr>
         <StringRefAddr addrType="KERBEROS_AUTHENTICATION">
            <Contents>false</Contents>
         </StringRefAddr>
         <StringRefAddr addrType="OS_AUTHENTICATION">
            <Contents>false</Contents>
         </StringRefAddr>
         <StringRefAddr addrType="RaptorConnectionType">
            <Contents>Oracle</Contents>
         </StringRefAddr>
         <StringRefAddr addrType="ConnName">
            <Contents>vhgstbclone_valholl</Contents>
         </StringRefAddr>
         <StringRefAddr addrType="customUrl">
            <Contents>vhgstbclone, vhgstbclone.world</Contents>
         </StringRefAddr>
         <StringRefAddr addrType="password">
            <Contents>pEFpDAQBulf43K+cus85gQ==</Contents>
         </StringRefAddr>
         <StringRefAddr addrType="SavePassword">
            <Contents>true</Contents>
         </StringRefAddr>
         <StringRefAddr addrType="driver">
            <Contents>oracle.jdbc.OracleDriver</Contents>
         </StringRefAddr>
      </RefAddresses>
   </Reference>
   <Reference name="VHGPROD_MIMIR" className="oracle.jdeveloper.db.adapter.DatabaseProvider" xmlns="">
      <Factory className="oracle.jdevimpl.db.adapter.DatabaseProviderFactory1212"/>
      <RefAddresses>
         <StringRefAddr addrType="OracleConnectionType">
            <Contents>TNS</Contents>
         </StringRefAddr>
         <StringRefAddr addrType="oraDriverType">
            <Contents>thin</Contents>
         </StringRefAddr>
         <StringRefAddr addrType="user">
            <Contents>MIMIR</Contents>
         </StringRefAddr>
         <StringRefAddr addrType="role">
            <Contents/>
         </StringRefAddr>
         <StringRefAddr addrType="NoPasswordConnection">
            <Contents>TRUE</Contents>
         </StringRefAddr>
         <StringRefAddr addrType="subtype">
            <Contents>oraJDBC</Contents>
         </StringRefAddr>
         <StringRefAddr addrType="KERBEROS_AUTHENTICATION">
            <Contents>false</Contents>
         </StringRefAddr>
         <StringRefAddr addrType="OS_AUTHENTICATION">
            <Contents>false</Contents>
         </StringRefAddr>
         <StringRefAddr addrType="Connection-Color-For-Editors">
            <Contents>-65536</Contents>
         </StringRefAddr>
         <StringRefAddr addrType="RaptorConnectionType">
            <Contents>Oracle</Contents>
         </StringRefAddr>
         <StringRefAddr addrType="ConnName">
            <Contents>VHGPROD_MIMIR</Contents>
         </StringRefAddr>
         <StringRefAddr addrType="customUrl">
            <Contents>VHGPROD.WORLD</Contents>
         </StringRefAddr>
         <StringRefAddr addrType="password">
            <Contents>msPOfB1Pe7rP3ywkS29S8g==</Contents>
         </StringRefAddr>
         <StringRefAddr addrType="SavePassword">
            <Contents>true</Contents>
         </StringRefAddr>
         <StringRefAddr addrType="driver">
            <Contents>oracle.jdbc.OracleDriver</Contents>
         </StringRefAddr>
      </RefAddresses>
   </Reference>
   <Reference name="VHGPROD_KVASIR" className="oracle.jdeveloper.db.adapter.DatabaseProvider" xmlns="">
      <Factory className="oracle.jdevimpl.db.adapter.DatabaseProviderFactory1212"/>
      <RefAddresses>
         <StringRefAddr addrType="OracleConnectionType">
            <Contents>TNS</Contents>
         </StringRefAddr>
         <StringRefAddr addrType="oraDriverType">
            <Contents>thin</Contents>
         </StringRefAddr>
         <StringRefAddr addrType="user">
            <Contents>KVASIR</Contents>
         </StringRefAddr>
         <StringRefAddr addrType="role">
            <Contents/>
         </StringRefAddr>
         <StringRefAddr addrType="NoPasswordConnection">
            <Contents>TRUE</Contents>
         </StringRefAddr>
         <StringRefAddr addrType="subtype">
            <Contents>oraJDBC</Contents>
         </StringRefAddr>
         <StringRefAddr addrType="KERBEROS_AUTHENTICATION">
            <Contents>false</Contents>
         </StringRefAddr>
         <StringRefAddr addrType="OS_AUTHENTICATION">
            <Contents>false</Contents>
         </StringRefAddr>
         <StringRefAddr addrType="Connection-Color-For-Editors">
            <Contents>-65536</Contents>
         </StringRefAddr>
         <StringRefAddr addrType="RaptorConnectionType">
            <Contents>Oracle</Contents>
         </StringRefAddr>
         <StringRefAddr addrType="ConnName">
            <Contents>VHGPROD_KVASIR</Contents>
         </StringRefAddr>
         <StringRefAddr addrType="customUrl">
            <Contents>VHGPROD.WORLD</Contents>
         </StringRefAddr>
         <StringRefAddr addrType="password">
            <Contents>6EwHYCzEQs8=</Contents>
         </StringRefAddr>
         <StringRefAddr addrType="SavePassword">
            <Contents>true</Contents>
         </StringRefAddr>
         <StringRefAddr addrType="driver">
            <Contents>oracle.jdbc.OracleDriver</Contents>
         </StringRefAddr>
      </RefAddresses>
   </Reference>
   <Reference name="EXTSTG@VHGDEV.WORLD" className="oracle.jdeveloper.db.adapter.DatabaseProvider" xmlns="">
      <Factory className="oracle.jdevimpl.db.adapter.DatabaseProviderFactory1212"/>
      <RefAddresses>
         <StringRefAddr addrType="OracleConnectionType">
            <Contents>TNS</Contents>
         </StringRefAddr>
         <StringRefAddr addrType="oraDriverType">
            <Contents>thin</Contents>
         </StringRefAddr>
         <StringRefAddr addrType="user">
            <Contents>EXTSTG</Contents>
         </StringRefAddr>
         <StringRefAddr addrType="role">
            <Contents/>
         </StringRefAddr>
         <StringRefAddr addrType="NoPasswordConnection">
            <Contents>TRUE</Contents>
         </StringRefAddr>
         <StringRefAddr addrType="subtype">
            <Contents>oraJDBC</Contents>
         </StringRefAddr>
         <StringRefAddr addrType="KERBEROS_AUTHENTICATION">
            <Contents>false</Contents>
         </StringRefAddr>
         <StringRefAddr addrType="OS_AUTHENTICATION">
            <Contents>false</Contents>
         </StringRefAddr>
         <StringRefAddr addrType="RaptorConnectionType">
            <Contents>Oracle</Contents>
         </StringRefAddr>
         <StringRefAddr addrType="ConnName">
            <Contents>EXTSTG@VHGDEV.WORLD</Contents>
         </StringRefAddr>
         <StringRefAddr addrType="customUrl">
            <Contents>vhgdev.world</Contents>
         </StringRefAddr>
         <StringRefAddr addrType="password">
            <Contents>AVfmOLxEqcgN3BT2gZgzSQ==</Contents>
         </StringRefAddr>
         <StringRefAddr addrType="SavePassword">
            <Contents>true</Contents>
         </StringRefAddr>
         <StringRefAddr addrType="driver">
            <Contents>oracle.jdbc.OracleDriver</Contents>
         </StringRefAddr>
      </RefAddresses>
   </Reference>
   <Reference name="EXTSTG@VHGSTBCLONE" className="oracle.jdeveloper.db.adapter.DatabaseProvider" xmlns="">
      <Factory className="oracle.jdevimpl.db.adapter.DatabaseProviderFactory1212"/>
      <RefAddresses>
         <StringRefAddr addrType="OracleConnectionType">
            <Contents>TNS</Contents>
         </StringRefAddr>
         <StringRefAddr addrType="oraDriverType">
            <Contents>thin</Contents>
         </StringRefAddr>
         <StringRefAddr addrType="user">
            <Contents>EXTSTG</Contents>
         </StringRefAddr>
         <StringRefAddr addrType="role">
            <Contents/>
         </StringRefAddr>
         <StringRefAddr addrType="NoPasswordConnection">
            <Contents>TRUE</Contents>
         </StringRefAddr>
         <StringRefAddr addrType="subtype">
            <Contents>oraJDBC</Contents>
         </StringRefAddr>
         <StringRefAddr addrType="KERBEROS_AUTHENTICATION">
            <Contents>false</Contents>
         </StringRefAddr>
         <StringRefAddr addrType="OS_AUTHENTICATION">
            <Contents>false</Contents>
         </StringRefAddr>
         <StringRefAddr addrType="RaptorConnectionType">
            <Contents>Oracle</Contents>
         </StringRefAddr>
         <StringRefAddr addrType="ConnName">
            <Contents>EXTSTG@VHGSTBCLONE</Contents>
         </StringRefAddr>
         <StringRefAddr addrType="customUrl">
            <Contents>vhgstbclone, vhgstbclone.world</Contents>
         </StringRefAddr>
         <StringRefAddr addrType="password">
            <Contents>pEFpDAQBulf43K+cus85gQ==</Contents>
         </StringRefAddr>
         <StringRefAddr addrType="SavePassword">
            <Contents>true</Contents>
         </StringRefAddr>
         <StringRefAddr addrType="driver">
            <Contents>oracle.jdbc.OracleDriver</Contents>
         </StringRefAddr>
      </RefAddresses>
   </Reference>
   <Reference name="VHGDEV_VALHOLL" className="oracle.jdeveloper.db.adapter.DatabaseProvider" xmlns="">
      <Factory className="oracle.jdevimpl.db.adapter.DatabaseProviderFactory1212"/>
      <RefAddresses>
         <StringRefAddr addrType="OracleConnectionType">
            <Contents>TNS</Contents>
         </StringRefAddr>
         <StringRefAddr addrType="oraDriverType">
            <Contents>thin</Contents>
         </StringRefAddr>
         <StringRefAddr addrType="user">
            <Contents>VALHOLL</Contents>
         </StringRefAddr>
         <StringRefAddr addrType="role">
            <Contents/>
         </StringRefAddr>
         <StringRefAddr addrType="NoPasswordConnection">
            <Contents>TRUE</Contents>
         </StringRefAddr>
         <StringRefAddr addrType="subtype">
            <Contents>oraJDBC</Contents>
         </StringRefAddr>
         <StringRefAddr addrType="KERBEROS_AUTHENTICATION">
            <Contents>false</Contents>
         </StringRefAddr>
         <StringRefAddr addrType="OS_AUTHENTICATION">
            <Contents>false</Contents>
         </StringRefAddr>
         <StringRefAddr addrType="RaptorConnectionType">
            <Contents>Oracle</Contents>
         </StringRefAddr>
         <StringRefAddr addrType="ConnName">
            <Contents>VHGDEV_VALHOLL</Contents>
         </StringRefAddr>
         <StringRefAddr addrType="customUrl">
            <Contents>vhgdev.world</Contents>
         </StringRefAddr>
         <StringRefAddr addrType="password">
            <Contents>zsOsIaEJ5SWUKCDo/64LfQ==</Contents>
         </StringRefAddr>
         <StringRefAddr addrType="SavePassword">
            <Contents>true</Contents>
         </StringRefAddr>
         <StringRefAddr addrType="driver">
            <Contents>oracle.jdbc.OracleDriver</Contents>
         </StringRefAddr>
      </RefAddresses>
   </Reference>
   <Reference name="VHGTEST_GLADHEIMUR" className="oracle.jdeveloper.db.adapter.DatabaseProvider" xmlns="">
      <Factory className="oracle.jdevimpl.db.adapter.DatabaseProviderFactory1212"/>
      <RefAddresses>
         <StringRefAddr addrType="OracleConnectionType">
            <Contents>TNS</Contents>
         </StringRefAddr>
         <StringRefAddr addrType="oraDriverType">
            <Contents>thin</Contents>
         </StringRefAddr>
         <StringRefAddr addrType="user">
            <Contents>GLADHEIMUR</Contents>
         </StringRefAddr>
         <StringRefAddr addrType="role">
            <Contents/>
         </StringRefAddr>
         <StringRefAddr addrType="NoPasswordConnection">
            <Contents>TRUE</Contents>
         </StringRefAddr>
         <StringRefAddr addrType="subtype">
            <Contents>oraJDBC</Contents>
         </StringRefAddr>
         <StringRefAddr addrType="KERBEROS_AUTHENTICATION">
            <Contents>false</Contents>
         </StringRefAddr>
         <StringRefAddr addrType="OS_AUTHENTICATION">
            <Contents>false</Contents>
         </StringRefAddr>
         <StringRefAddr addrType="RaptorConnectionType">
            <Contents>Oracle</Contents>
         </StringRefAddr>
         <StringRefAddr addrType="ConnName">
            <Contents>VHGTEST_GLADHEIMUR</Contents>
         </StringRefAddr>
         <StringRefAddr addrType="customUrl">
            <Contents>VHGTEST.WORLD</Contents>
         </StringRefAddr>
         <StringRefAddr addrType="password">
            <Contents>b2t814PCi5b2UIs+xcdGuA==</Contents>
         </StringRefAddr>
         <StringRefAddr addrType="SavePassword">
            <Contents>true</Contents>
         </StringRefAddr>
         <StringRefAddr addrType="driver">
            <Contents>oracle.jdbc.OracleDriver</Contents>
         </StringRefAddr>
      </RefAddresses>
   </Reference>
   <Reference name="VHGTEST_SERHIIB" className="oracle.jdeveloper.db.adapter.DatabaseProvider" xmlns="">
      <Factory className="oracle.jdevimpl.db.adapter.DatabaseProviderFactory1212"/>
      <RefAddresses>
         <StringRefAddr addrType="role">
            <Contents/>
         </StringRefAddr>
         <StringRefAddr addrType="SavePassword">
            <Contents>true</Contents>
         </StringRefAddr>
         <StringRefAddr addrType="OracleConnectionType">
            <Contents>TNS</Contents>
         </StringRefAddr>
         <StringRefAddr addrType="RaptorConnectionType">
            <Contents>Oracle</Contents>
         </StringRefAddr>
         <StringRefAddr addrType="Connection-Color-For-Editors">
            <Contents>-16776961</Contents>
         </StringRefAddr>
         <StringRefAddr addrType="customUrl">
            <Contents>VHGTEST.WORLD</Contents>
         </StringRefAddr>
         <StringRefAddr addrType="oraDriverType">
            <Contents>thin</Contents>
         </StringRefAddr>
         <StringRefAddr addrType="NoPasswordConnection">
            <Contents>TRUE</Contents>
         </StringRefAddr>
         <StringRefAddr addrType="password">
            <Contents>sAVwkd/N/mS9Z8N4vNTlkg==</Contents>
         </StringRefAddr>
         <StringRefAddr addrType="driver">
            <Contents>oracle.jdbc.OracleDriver</Contents>
         </StringRefAddr>
         <StringRefAddr addrType="subtype">
            <Contents>oraJDBC</Contents>
         </StringRefAddr>
         <StringRefAddr addrType="OS_AUTHENTICATION">
            <Contents>false</Contents>
         </StringRefAddr>
         <StringRefAddr addrType="ConnName">
            <Contents>VHGTEST_SERHIIB</Contents>
         </StringRefAddr>
         <StringRefAddr addrType="user">
            <Contents>SERHIIB</Contents>
         </StringRefAddr>
         <StringRefAddr addrType="KERBEROS_AUTHENTICATION">
            <Contents>false</Contents>
         </StringRefAddr>
      </RefAddresses>
   </Reference>
   <Reference name="PROFUN_SERHIIB" className="oracle.jdeveloper.db.adapter.DatabaseProvider" xmlns="">
      <Factory className="oracle.jdevimpl.db.adapter.DatabaseProviderFactory1212"/>
      <RefAddresses>
         <StringRefAddr addrType="role">
            <Contents/>
         </StringRefAddr>
         <StringRefAddr addrType="SavePassword">
            <Contents>false</Contents>
         </StringRefAddr>
         <StringRefAddr addrType="OracleConnectionType">
            <Contents>TNS</Contents>
         </StringRefAddr>
         <StringRefAddr addrType="RaptorConnectionType">
            <Contents>Oracle</Contents>
         </StringRefAddr>
         <StringRefAddr addrType="Connection-Color-For-Editors">
            <Contents>-16776961</Contents>
         </StringRefAddr>
         <StringRefAddr addrType="customUrl">
            <Contents>PROFUN.WORLD</Contents>
         </StringRefAddr>
         <StringRefAddr addrType="oraDriverType">
            <Contents>thin</Contents>
         </StringRefAddr>
         <StringRefAddr addrType="NoPasswordConnection">
            <Contents>TRUE</Contents>
         </StringRefAddr>
         <StringRefAddr addrType="driver">
            <Contents>oracle.jdbc.OracleDriver</Contents>
         </StringRefAddr>
         <StringRefAddr addrType="subtype">
            <Contents>oraJDBC</Contents>
         </StringRefAddr>
         <StringRefAddr addrType="OS_AUTHENTICATION">
            <Contents>false</Contents>
         </StringRefAddr>
         <StringRefAddr addrType="ConnName">
            <Contents>PROFUN_SERHIIB</Contents>
         </StringRefAddr>
         <StringRefAddr addrType="user">
            <Contents>SERHIIB</Contents>
         </StringRefAddr>
         <StringRefAddr addrType="KERBEROS_AUTHENTICATION">
            <Contents>false</Contents>
         </StringRefAddr>
      </RefAddresses>
   </Reference>
   <Reference name="VHGDEV_SERHIIB" className="oracle.jdeveloper.db.adapter.DatabaseProvider" xmlns="">
      <Factory className="oracle.jdevimpl.db.adapter.DatabaseProviderFactory1212"/>
      <RefAddresses>
         <StringRefAddr addrType="role">
            <Contents/>
         </StringRefAddr>
         <StringRefAddr addrType="SavePassword">
            <Contents>true</Contents>
         </StringRefAddr>
         <StringRefAddr addrType="OracleConnectionType">
            <Contents>TNS</Contents>
         </StringRefAddr>
         <StringRefAddr addrType="RaptorConnectionType">
            <Contents>Oracle</Contents>
         </StringRefAddr>
         <StringRefAddr addrType="Connection-Color-For-Editors">
            <Contents>-16776961</Contents>
         </StringRefAddr>
         <StringRefAddr addrType="customUrl">
            <Contents>vhgdev.world</Contents>
         </StringRefAddr>
         <StringRefAddr addrType="oraDriverType">
            <Contents>thin</Contents>
         </StringRefAddr>
         <StringRefAddr addrType="NoPasswordConnection">
            <Contents>TRUE</Contents>
         </StringRefAddr>
         <StringRefAddr addrType="password">
            <Contents>sAVwkd/N/mS9Z8N4vNTlkg==</Contents>
         </StringRefAddr>
         <StringRefAddr addrType="driver">
            <Contents>oracle.jdbc.OracleDriver</Contents>
         </StringRefAddr>
         <StringRefAddr addrType="subtype">
            <Contents>oraJDBC</Contents>
         </StringRefAddr>
         <StringRefAddr addrType="OS_AUTHENTICATION">
            <Contents>false</Contents>
         </StringRefAddr>
         <StringRefAddr addrType="ConnName">
            <Contents>VHGDEV_SERHIIB</Contents>
         </StringRefAddr>
         <StringRefAddr addrType="user">
            <Contents>SERHIIB</Contents>
         </StringRefAddr>
         <StringRefAddr addrType="KERBEROS_AUTHENTICATION">
            <Contents>false</Contents>
         </StringRefAddr>
      </RefAddresses>
   </Reference>
   <Reference name="ISDEV_SERHIIB" className="oracle.jdeveloper.db.adapter.DatabaseProvider" xmlns="">
      <Factory className="oracle.jdevimpl.db.adapter.DatabaseProviderFactory1212"/>
      <RefAddresses>
         <StringRefAddr addrType="role">
            <Contents/>
         </StringRefAddr>
         <StringRefAddr addrType="SavePassword">
            <Contents>true</Contents>
         </StringRefAddr>
         <StringRefAddr addrType="OracleConnectionType">
            <Contents>TNS</Contents>
         </StringRefAddr>
         <StringRefAddr addrType="RaptorConnectionType">
            <Contents>Oracle</Contents>
         </StringRefAddr>
         <StringRefAddr addrType="Connection-Color-For-Editors">
            <Contents>-16776961</Contents>
         </StringRefAddr>
         <StringRefAddr addrType="customUrl">
            <Contents>ISDEV,ISDEV.WORLD</Contents>
         </StringRefAddr>
         <StringRefAddr addrType="oraDriverType">
            <Contents>thin</Contents>
         </StringRefAddr>
         <StringRefAddr addrType="NoPasswordConnection">
            <Contents>TRUE</Contents>
         </StringRefAddr>
         <StringRefAddr addrType="password">
            <Contents>sAVwkd/N/mS9Z8N4vNTlkg==</Contents>
         </StringRefAddr>
         <StringRefAddr addrType="driver">
            <Contents>oracle.jdbc.OracleDriver</Contents>
         </StringRefAddr>
         <StringRefAddr addrType="subtype">
            <Contents>oraJDBC</Contents>
         </StringRefAddr>
         <StringRefAddr addrType="OS_AUTHENTICATION">
            <Contents>false</Contents>
         </StringRefAddr>
         <StringRefAddr addrType="ConnName">
            <Contents>ISDEV_SERHIIB</Contents>
         </StringRefAddr>
         <StringRefAddr addrType="user">
            <Contents>SERHIIB</Contents>
         </StringRefAddr>
         <StringRefAddr addrType="KERBEROS_AUTHENTICATION">
            <Contents>false</Contents>
         </StringRefAddr>
      </RefAddresses>
   </Reference>
   <Reference name="ISDEV_SKJALINA" className="oracle.jdeveloper.db.adapter.DatabaseProvider" xmlns="">
      <Factory className="oracle.jdevimpl.db.adapter.DatabaseProviderFactory1212"/>
      <RefAddresses>
         <StringRefAddr addrType="role">
            <Contents/>
         </StringRefAddr>
         <StringRefAddr addrType="SavePassword">
            <Contents>true</Contents>
         </StringRefAddr>
         <StringRefAddr addrType="OracleConnectionType">
            <Contents>TNS</Contents>
         </StringRefAddr>
         <StringRefAddr addrType="RaptorConnectionType">
            <Contents>Oracle</Contents>
         </StringRefAddr>
         <StringRefAddr addrType="customUrl">
            <Contents>ISDEV,ISDEV.WORLD</Contents>
         </StringRefAddr>
         <StringRefAddr addrType="oraDriverType">
            <Contents>thin</Contents>
         </StringRefAddr>
         <StringRefAddr addrType="NoPasswordConnection">
            <Contents>TRUE</Contents>
         </StringRefAddr>
         <StringRefAddr addrType="password">
            <Contents>NZahs0RWgmzh84nuRKoP7g==</Contents>
         </StringRefAddr>
         <StringRefAddr addrType="driver">
            <Contents>oracle.jdbc.OracleDriver</Contents>
         </StringRefAddr>
         <StringRefAddr addrType="subtype">
            <Contents>oraJDBC</Contents>
         </StringRefAddr>
         <StringRefAddr addrType="OS_AUTHENTICATION">
            <Contents>false</Contents>
         </StringRefAddr>
         <StringRefAddr addrType="ConnName">
            <Contents>ISDEV_SKJALINA</Contents>
         </StringRefAddr>
         <StringRefAddr addrType="user">
            <Contents>SKJALINA</Contents>
         </StringRefAddr>
         <StringRefAddr addrType="KERBEROS_AUTHENTICATION">
            <Contents>false</Contents>
         </StringRefAddr>
      </RefAddresses>
   </Reference>
</References>