<?xml version = '1.0' encoding = 'UTF-8'?>
<ide:extension-preferences xmlns:ide="http://xmlns.oracle.com/ide/hash">
   <list n="featuresToReloadAtStartup">
      <string v="oracle.sqldeveloper.scheduler"/>
      <string v="oracle.sqldeveloper.hadoopconnectors"/>
      <string v="oracle.sqldeveloper.dbanavigator"/>
      <string v="oracle.olap"/>
      <string v="oracle.sqldeveloper.rdfgraph"/>
      <string v="oracle.sqldeveloper.xmlschema"/>
      <string v="vcs-subversion-support"/>
      <string v="oracle.sqldeveloper.timesten"/>
      <string v="oracle.sqldeveloper.filenavigator"/>
      <string v="oracle.sqldeveloper.jdbcproxy"/>
      <string v="oracle.sqldeveloper.rest"/>
      <string v="oracle.hcs"/>
      <string v="oracle.sqldeveloper.onsd"/>
      <string v="oracle.sqldeveloper.migration"/>
      <string v="oracle.sqldeveloper.snippet"/>
      <string v="oracle.sqldeveloper.cloud"/>
      <string v="oracle.sqldeveloper.security"/>
      <string v="oracle.sqldeveloper.ssh"/>
      <string v="oracle.sqldeveloper.spatial"/>
   </list>
</ide:extension-preferences>
