<?xml version = '1.0' encoding = 'UTF-8'?>
<client-settings class="java.util.HashMap" xmlns="http://xmlns.oracle.com/jdeveloper/110000/client-preferences">
   <Item>
      <Key>editors-options</Key>
      <Value class="oracle.ide.editor.EditorsOptions">
         <editorsData/>
         <lruFiles>
            <Item class="oracle.ide.editor.RecentFile">
               <editor>oracle.ideimpl.editor.DeclarativeEditorAddin-oracle.dbtools.worksheet.editor.Worksheet</editor>
               <explicit>true</explicit>
               <nodeClass>oracle.ide.db.model.SqlNode</nodeClass>
               <nodeURL path="../../../../../../../WORK/UserStory_203628_Cards_MovingFromOldToNewSources/Task_237962_CretaeAndTest_dim_loan_visa_ns_job/insert.sql"/>
               <projectURL path="../o.sqldeveloper/projects/IdeConnections#VHGTEST_VALHOLL.jpr"/>
               <recentTime>0</recentTime>
               <reopen>false</reopen>
               <workspaceURL path="../o.sqldeveloper/projects/Databases.jws"/>
            </Item>
            <Item class="oracle.ide.editor.RecentFile">
               <editor>oracle.ideimpl.editor.DeclarativeEditorAddin-oracle.dbtools.worksheet.editor.Worksheet</editor>
               <explicit>false</explicit>
               <nodeClass>oracle.ide.db.model.SqlNode</nodeClass>
               <nodeURL path="../../../../../../../WORK/UserStory_213671_KjarninDW/Task_235063_DEPOSITS_UTILS_issues/Task_235063_DEPOSITS_UTILS_issues.sql"/>
               <projectURL path="../o.sqldeveloper/projects/IdeConnections#VHGTEST_DEPOSITS.jpr"/>
               <recentTime>0</recentTime>
               <reopen>false</reopen>
               <workspaceURL path="../o.sqldeveloper/projects/Databases.jws"/>
            </Item>
            <Item class="oracle.ide.editor.RecentFile">
               <editor>oracle.ideimpl.editor.DeclarativeEditorAddin-oracle.dbtools.worksheet.editor.Worksheet</editor>
               <explicit>false</explicit>
               <nodeClass>oracle.ide.db.model.SqlNode</nodeClass>
               <nodeURL path="../../../../../../../WORK/Perfprmance_tasks/all_with_ref_date.sql"/>
               <projectURL path="../o.sqldeveloper/projects/IdeConnections#vhgstbclone_deposits.jpr"/>
               <recentTime>0</recentTime>
               <reopen>false</reopen>
               <workspaceURL path="../o.sqldeveloper/projects/Databases.jws"/>
            </Item>
            <Item class="oracle.ide.editor.RecentFile">
               <editor>oracle.ideimpl.editor.DeclarativeEditorAddin-oracle.dbtools.worksheet.editor.Worksheet</editor>
               <explicit>false</explicit>
               <nodeClass>oracle.ide.db.model.SqlNode</nodeClass>
               <nodeURL path="../../../../../../../WORK/Perfprmance_tasks/base_Level_with_tier.sql"/>
               <projectURL path="../o.sqldeveloper/projects/IdeConnections#vhgstbclone_deposits.jpr"/>
               <recentTime>0</recentTime>
               <reopen>false</reopen>
               <workspaceURL path="../o.sqldeveloper/projects/Databases.jws"/>
            </Item>
            <Item class="oracle.ide.editor.RecentFile">
               <editor>oracle.ideimpl.editor.DeclarativeEditorAddin-oracle.dbtools.worksheet.editor.Worksheet</editor>
               <explicit>false</explicit>
               <nodeClass>oracle.ide.db.model.SqlNode</nodeClass>
               <nodeURL path="../../../../../../../WORK/Perfprmance_tasks/base_Level.sql"/>
               <projectURL path="../o.sqldeveloper/projects/IdeConnections#vhgstbclone_deposits.jpr"/>
               <recentTime>0</recentTime>
               <reopen>false</reopen>
               <workspaceURL path="../o.sqldeveloper/projects/Databases.jws"/>
            </Item>
            <Item class="oracle.ide.editor.RecentFile">
               <editor>oracle.ideimpl.editor.DeclarativeEditorAddin-oracle.dbtools.worksheet.editor.Worksheet</editor>
               <explicit>false</explicit>
               <nodeClass>oracle.ide.db.model.SqlNode</nodeClass>
               <nodeURL path="../../../../../../../WORK/Perfprmance_tasks/souce_data.sql"/>
               <projectURL path="../o.sqldeveloper/projects/IdeConnections#vhgstbclone_deposits.jpr"/>
               <recentTime>0</recentTime>
               <reopen>false</reopen>
               <workspaceURL path="../o.sqldeveloper/projects/Databases.jws"/>
            </Item>
            <Item class="oracle.ide.editor.RecentFile">
               <editor>oracle.ideimpl.editor.DeclarativeEditorAddin-oracle.dbtools.worksheet.editor.Worksheet</editor>
               <explicit>false</explicit>
               <nodeClass>oracle.ide.db.model.SqlNode</nodeClass>
               <nodeURL path="../../../../../../../WORK/Perfprmance_tasks/base_level_result.sql"/>
               <projectURL path="../o.sqldeveloper/projects/IdeConnections#vhgstbclone_deposits.jpr"/>
               <recentTime>0</recentTime>
               <reopen>false</reopen>
               <workspaceURL path="../o.sqldeveloper/projects/Databases.jws"/>
            </Item>
            <Item class="oracle.ide.editor.RecentFile">
               <editor>oracle.ideimpl.editor.DeclarativeEditorAddin-oracle.dbtools.worksheet.editor.Worksheet</editor>
               <explicit>false</explicit>
               <nodeClass>oracle.ide.db.model.SqlNode</nodeClass>
               <nodeURL path="../../../../../../../WORK/Perfprmance_tasks/source_data_fast.sql"/>
               <projectURL path="../o.sqldeveloper/projects/IdeConnections#vhgstbclone_deposits.jpr"/>
               <recentTime>0</recentTime>
               <reopen>false</reopen>
               <workspaceURL path="../o.sqldeveloper/projects/Databases.jws"/>
            </Item>
            <Item class="oracle.ide.editor.RecentFile">
               <editor>oracle.ideimpl.editor.DeclarativeEditorAddin-oracle.dbtools.worksheet.editor.Worksheet</editor>
               <explicit>true</explicit>
               <nodeClass>oracle.ide.db.model.SqlNode</nodeClass>
               <nodeURL path="../../../../../../../WORK/OLTP_tasks/SKJALINA.sql"/>
               <projectURL path="../o.sqldeveloper/projects/IdeConnections#VHGTEST_BIFROST.jpr"/>
               <recentTime>0</recentTime>
               <reopen>false</reopen>
               <workspaceURL path="../o.sqldeveloper/projects/Databases.jws"/>
            </Item>
            <Item class="oracle.ide.editor.RecentFile">
               <editor>oracle.ideimpl.editor.DeclarativeEditorAddin-oracle.dbtools.worksheet.editor.Worksheet</editor>
               <explicit>true</explicit>
               <nodeClass>oracle.ide.db.model.SqlNode</nodeClass>
               <nodeURL path="../../../../../../../WORK/OLTP_tasks/FOREIGNPAYMENTS_TST_2.sql"/>
               <projectURL path="../o.sqldeveloper/projects/IdeConnections#VHGTEST_BIFROST.jpr"/>
               <recentTime>0</recentTime>
               <reopen>false</reopen>
               <workspaceURL path="../o.sqldeveloper/projects/Databases.jws"/>
            </Item>
            <Item class="oracle.ide.editor.RecentFile">
               <editor>oracle.ideimpl.editor.DeclarativeEditorAddin-oracle.dbtools.worksheet.editor.Worksheet</editor>
               <explicit>false</explicit>
               <nodeClass>oracle.ide.db.model.SqlNode</nodeClass>
               <nodeURL path="../../../../../../../WORK/UserStory_238408_Archive_for_ag_pre deposits/Task_238421_AddARC_DFtoAG_PRE_DISP_AMT_DEPOSITS_JOB/Task_238421_AddARC_DFtoAG_PRE_DISP_AMT_DEPOSITS_JOB.sql"/>
               <projectURL/>
               <recentTime>0</recentTime>
               <reopen>false</reopen>
               <workspaceURL path="../o.sqldeveloper/projects/Databases.jws"/>
            </Item>
            <Item class="oracle.ide.editor.RecentFile">
               <editor>oracle.ideimpl.editor.DeclarativeEditorAddin-oracle.dbtools.worksheet.editor.Worksheet</editor>
               <explicit>true</explicit>
               <nodeClass>oracle.ide.db.model.SqlNode</nodeClass>
               <nodeURL path="../../../../../../../WORK/OLTP_tasks/FOREIGNPAYMENTS_TST_4_blc.sql"/>
               <projectURL/>
               <recentTime>0</recentTime>
               <reopen>false</reopen>
               <workspaceURL path="../o.sqldeveloper/projects/Databases.jws"/>
            </Item>
            <Item class="oracle.ide.editor.RecentFile">
               <editor>oracle.ideimpl.editor.DeclarativeEditorAddin-oracle.dbtools.worksheet.editor.Worksheet</editor>
               <explicit>true</explicit>
               <nodeClass>oracle.ide.db.model.SqlNode</nodeClass>
               <nodeURL path="../../../../../../../WORK/OLTP_tasks/FOREIGNPAYMENTS_TST_body_4_blc.sql"/>
               <projectURL/>
               <recentTime>0</recentTime>
               <reopen>false</reopen>
               <workspaceURL path="../o.sqldeveloper/projects/Databases.jws"/>
            </Item>
            <Item class="oracle.ide.editor.RecentFile">
               <editor>oracle.ideimpl.editor.DeclarativeEditorAddin-oracle.dbtools.worksheet.editor.Worksheet</editor>
               <explicit>true</explicit>
               <nodeClass>oracle.ide.db.model.SqlNode</nodeClass>
               <nodeURL path="../../../../../../../WORK/OLTP_tasks/FOREIGNPAYMENTS_TST_body_3.sql"/>
               <projectURL path="../o.sqldeveloper/projects/IdeConnections#VHGTEST_BIFROST.jpr"/>
               <recentTime>0</recentTime>
               <reopen>false</reopen>
               <workspaceURL path="../o.sqldeveloper/projects/Databases.jws"/>
            </Item>
            <Item class="oracle.ide.editor.RecentFile">
               <editor>oracle.ideimpl.editor.DeclarativeEditorAddin-oracle.dbtools.worksheet.editor.Worksheet</editor>
               <explicit>true</explicit>
               <nodeClass>oracle.ide.db.model.SqlNode</nodeClass>
               <nodeURL path="../../../../../../../WORK/OLTP_tasks/FOREIGNPAYMENTS_TST_3.sql"/>
               <projectURL path="../o.sqldeveloper/projects/IdeConnections#VHGTEST_BIFROST.jpr"/>
               <recentTime>0</recentTime>
               <reopen>false</reopen>
               <workspaceURL path="../o.sqldeveloper/projects/Databases.jws"/>
            </Item>
            <Item class="oracle.ide.editor.RecentFile">
               <editor>oracle.ideimpl.editor.DeclarativeEditorAddin-oracle.dbtools.worksheet.editor.Worksheet</editor>
               <explicit>false</explicit>
               <nodeClass>oracle.ide.db.model.SqlNode</nodeClass>
               <nodeURL path="../../../../../../../WORK/UserStory_238408_Archive_for_ag_pre deposits/Task_238445_AddARCDFtoAG_PRE_AGR_CREDIT_LIMIT_DEPOSITS_JOB/Task_238445_AddARCDFtoAG_PRE_AGR_CREDIT_LIMIT_DEPOSITS_JOB.sql"/>
               <projectURL path="../o.sqldeveloper/projects/IdeConnections#VHGTEST_BIFROST.jpr"/>
               <recentTime>0</recentTime>
               <reopen>false</reopen>
               <workspaceURL path="../o.sqldeveloper/projects/Databases.jws"/>
            </Item>
            <Item class="oracle.ide.editor.RecentFile">
               <editor>oracle.ideimpl.editor.DeclarativeEditorAddin-oracle.dbtools.worksheet.editor.Worksheet</editor>
               <explicit>false</explicit>
               <nodeClass>oracle.ide.db.model.SqlNode</nodeClass>
               <nodeURL path="../../../../../../../WORK/UserStory_238408_Archive_for_ag_pre deposits/Task_238442_AddARC_DFtoAG_PRE_AGREEMENT_RELATED_DEPOSITS_JOB/Task_238442_AddARC_DFtoAG_PRE_AGREEMENT_RELATED_DEPOSITS_JOB.sql"/>
               <projectURL/>
               <recentTime>0</recentTime>
               <reopen>false</reopen>
               <workspaceURL path="../o.sqldeveloper/projects/Databases.jws"/>
            </Item>
            <Item class="oracle.ide.editor.RecentFile">
               <editor>oracle.ideimpl.editor.DeclarativeEditorAddin-oracle.dbtools.worksheet.editor.Worksheet</editor>
               <explicit>false</explicit>
               <nodeClass>oracle.ide.db.model.SqlNode</nodeClass>
               <nodeURL path="../../../../../../../WORK/UserStory_238408_Archive_for_ag_pre deposits/Task_238454_AddARCDFtoAG_PRE_PARTY_AGREEMENT_DEPOSITS_JOB/Task_238454_AddARCDFtoAG_PRE_PARTY_AGREEMENT_DEPOSITS_JOB.sql"/>
               <projectURL/>
               <recentTime>0</recentTime>
               <reopen>false</reopen>
               <workspaceURL path="../o.sqldeveloper/projects/Databases.jws"/>
            </Item>
            <Item class="oracle.ide.editor.RecentFile">
               <editor>oracle.ideimpl.editor.DeclarativeEditorAddin-oracle.dbtools.worksheet.editor.Worksheet</editor>
               <explicit>false</explicit>
               <nodeClass>oracle.ide.db.model.SqlNode</nodeClass>
               <nodeURL path="../../../../../../../WORK/UserStory_213671_KjarninDW/Task_238545_Changes_to_AG_DEPOSIT_AGREEMENTS_RBGT/AG_DEPOSIT_AGREEMENTS_RBGT_test.sql"/>
               <projectURL path="../o.sqldeveloper/projects/IdeConnections#VHGTEST_DEPOSITS.jpr"/>
               <recentTime>0</recentTime>
               <reopen>false</reopen>
               <workspaceURL path="../o.sqldeveloper/projects/Databases.jws"/>
            </Item>
            <Item class="oracle.ide.editor.RecentFile">
               <editor>oracle.ideimpl.editor.DeclarativeEditorAddin-oracle.dbtools.worksheet.editor.Worksheet</editor>
               <explicit>false</explicit>
               <nodeClass>oracle.ide.db.model.SqlNode</nodeClass>
               <nodeURL path="../../../../../../../WORK/UserStory_213671_KjarninDW/Task_238545_Changes_to_AG_DEPOSIT_AGREEMENTS_RBGT/AG_DEPOSIT_AGREEMENTS_RBGT_20181009.sql"/>
               <projectURL path="../o.sqldeveloper/projects/IdeConnections#VHGTEST_DEPOSITS.jpr"/>
               <recentTime>0</recentTime>
               <reopen>false</reopen>
               <workspaceURL path="../o.sqldeveloper/projects/Databases.jws"/>
            </Item>
            <Item class="oracle.ide.editor.RecentFile">
               <editor>oracle.ideimpl.editor.DeclarativeEditorAddin-oracle.dbtools.worksheet.editor.Worksheet</editor>
               <explicit>false</explicit>
               <nodeClass>oracle.ide.db.model.SqlNode</nodeClass>
               <nodeURL path="../../../../../../../WORK/UserStory_238408_Archive_for_ag_pre deposits/Task 238409_Programming/Task 238409_Programming.sql"/>
               <projectURL path="../o.sqldeveloper/projects/IdeConnections#VHGTEST_BIFROST.jpr"/>
               <recentTime>0</recentTime>
               <reopen>false</reopen>
               <workspaceURL path="../o.sqldeveloper/projects/Databases.jws"/>
            </Item>
            <Item class="oracle.ide.editor.RecentFile">
               <editor>oracle.ideimpl.editor.DeclarativeEditorAddin-oracle.dbtools.worksheet.editor.Worksheet</editor>
               <explicit>false</explicit>
               <nodeClass>oracle.ide.db.model.SqlNode</nodeClass>
               <nodeURL path="../../../../../../../WORK/UserStory_238408_Archive_for_ag_pre deposits/Task_238415_AddARC_DFtoAG_PRE_AGR_BLOCKING_DEPOSITS_JOB/Task_238415_AddARC_DF.sql"/>
               <projectURL path="../o.sqldeveloper/projects/IdeConnections#VHGTEST_BIFROST.jpr"/>
               <recentTime>0</recentTime>
               <reopen>false</reopen>
               <workspaceURL path="../o.sqldeveloper/projects/Databases.jws"/>
            </Item>
            <Item class="oracle.ide.editor.RecentFile">
               <editor>oracle.ideimpl.editor.DeclarativeEditorAddin-oracle.dbtools.worksheet.editor.Worksheet</editor>
               <explicit>true</explicit>
               <nodeClass>oracle.ide.db.model.SqlNode</nodeClass>
               <nodeURL path="../../../../../../../WORK/UserStory_213671_KjarninDW/Task_238545_Changes_to_AG_DEPOSIT_AGREEMENTS_RBGT/Task_238545_Changes_to_AG_DEPOSIT_AGREEMENTS_RBGT.sql"/>
               <projectURL path="../o.sqldeveloper/projects/IdeConnections#VHGTEST_BIFROST.jpr"/>
               <recentTime>0</recentTime>
               <reopen>false</reopen>
               <workspaceURL path="../o.sqldeveloper/projects/Databases.jws"/>
            </Item>
            <Item class="oracle.ide.editor.RecentFile">
               <editor>oracle.ideimpl.editor.DeclarativeEditorAddin-oracle.dbtools.worksheet.editor.Worksheet</editor>
               <explicit>true</explicit>
               <nodeClass>oracle.ide.db.model.SqlNode</nodeClass>
               <nodeURL path="../../../../../../../WORK/UserStory_GoLive/Task_238582_ADDColumns2RBGT_SLA_view/AG_DEPOSIT_AGREEMENTS_RBGT_SLA.sql"/>
               <projectURL path="../o.sqldeveloper/projects/IdeConnections#VHGTEST_DEPOSITS.jpr"/>
               <recentTime>0</recentTime>
               <reopen>false</reopen>
               <workspaceURL path="../o.sqldeveloper/projects/Databases.jws"/>
            </Item>
            <Item class="oracle.ide.editor.RecentFile">
               <editor>oracle.ideimpl.editor.DeclarativeEditorAddin-oracle.dbtools.worksheet.editor.Worksheet</editor>
               <explicit>true</explicit>
               <nodeClass>oracle.ide.db.model.SqlNode</nodeClass>
               <nodeURL path="../../../../../../../WORK/UserStory_203628_Cards_MovingFromOldToNewSources/Task_237962_CretaeAndTest_dim_loan_visa_ns_job/Task_237962_CretaeAndTest_dim_loan_visa_ns_job.sql"/>
               <projectURL/>
               <recentTime>0</recentTime>
               <reopen>false</reopen>
               <workspaceURL/>
            </Item>
            <Item class="oracle.ide.editor.RecentFile">
               <editor>oracle.ideimpl.editor.DeclarativeEditorAddin-oracle.dbtools.worksheet.editor.Worksheet</editor>
               <explicit>false</explicit>
               <nodeClass>oracle.ide.db.model.SqlNode</nodeClass>
               <nodeURL path="../../../../../../../WORK/UserStory_203628_Cards_MovingFromOldToNewSources/Task_235856_CreateAndTestNew_dim_loan_type_jobs/Task_235856_CreateAndTestNew_dim_loan_type_jobs.sql"/>
               <projectURL path="../o.sqldeveloper/projects/IdeConnections#VHGTEST_DEPOSITS.jpr"/>
               <recentTime>0</recentTime>
               <reopen>false</reopen>
               <workspaceURL path="../o.sqldeveloper/projects/Databases.jws"/>
            </Item>
            <Item class="oracle.ide.editor.RecentFile">
               <editor>oracle.ideimpl.editor.DeclarativeEditorAddin-oracle.dbtools.worksheet.editor.Worksheet</editor>
               <explicit>false</explicit>
               <nodeClass>oracle.ide.db.model.SqlNode</nodeClass>
               <nodeURL path="../../../../../../../WORK/UserStory_235777_StagingDataSAP_BW/Task_235781_CreateNewBodiJob_STG_SAP_BW_BPC_ACCOUNTS_JOB/Task_235781_CreateNewBodiJob_STG_SAP_BW_BPC_ACCOUNTS_JOB.sql"/>
               <projectURL path="../o.sqldeveloper/projects/IdeConnections#VHGTEST_DEPOSITS.jpr"/>
               <recentTime>0</recentTime>
               <reopen>false</reopen>
               <workspaceURL path="../o.sqldeveloper/projects/Databases.jws"/>
            </Item>
            <Item class="oracle.ide.editor.RecentFile">
               <editor>oracle.ideimpl.editor.DeclarativeEditorAddin-oracle.dbtools.worksheet.editor.Worksheet</editor>
               <explicit>false</explicit>
               <nodeClass>oracle.ide.db.model.SqlNode</nodeClass>
               <nodeURL path="../../../../../../../WORK/UserStory_238408_Archive_for_ag_pre deposits/Task_238451_AddARCDFtoAG_PRE_DEPOSIT_AGREEMENTS_JOB/BIFROST.AG_PRE_DEPOSIT_AGREEMENTS_ARC.TAB"/>
               <projectURL path="../o.sqldeveloper/projects/IdeConnections#VHGTEST_DEPOSITS.jpr"/>
               <recentTime>0</recentTime>
               <reopen>false</reopen>
               <workspaceURL path="../o.sqldeveloper/projects/Databases.jws"/>
            </Item>
            <Item class="oracle.ide.editor.RecentFile">
               <editor>oracle.ideimpl.editor.DeclarativeEditorAddin-oracle.dbtools.worksheet.editor.Worksheet</editor>
               <explicit>true</explicit>
               <nodeClass>oracle.ide.db.model.SqlNode</nodeClass>
               <nodeURL path="../../../../../../../WORK/UserStory_238408_Archive_for_ag_pre deposits/Task_238591_AddChanges2Ag_pre_BODI_jobs/Task_238591_AddChanges2Ag_pre_BODI_jobs.sql"/>
               <projectURL path="../o.sqldeveloper/projects/IdeConnections#VHGTEST_DEPOSITS.jpr"/>
               <recentTime>0</recentTime>
               <reopen>false</reopen>
               <workspaceURL path="../o.sqldeveloper/projects/Databases.jws"/>
            </Item>
            <Item class="oracle.ide.editor.RecentFile">
               <editor>oracle.ideimpl.editor.DeclarativeEditorAddin-oracle.dbtools.worksheet.editor.Worksheet</editor>
               <explicit>false</explicit>
               <nodeClass>oracle.ide.db.model.SqlNode</nodeClass>
               <nodeURL path="../../../../../../../WORK/UserStory_GoLive/Task_238582_ADDColumns2RBGT_SLA_view/Task_238582_ADDColumns2RBGT_SLA_view.sql"/>
               <projectURL path="../o.sqldeveloper/projects/IdeConnections#VHGTEST_DEPOSITS.jpr"/>
               <recentTime>0</recentTime>
               <reopen>false</reopen>
               <workspaceURL path="../o.sqldeveloper/projects/Databases.jws"/>
            </Item>
            <Item class="oracle.ide.editor.RecentFile">
               <editor>oracle.ideimpl.editor.DeclarativeEditorAddin-oracle.dbtools.worksheet.editor.Worksheet</editor>
               <explicit>false</explicit>
               <nodeClass>oracle.ide.db.model.SqlNode</nodeClass>
               <nodeURL path="../../../../../../../WORK/UserStory_238408_Archive_for_ag_pre deposits/Task_238451_AddARCDFtoAG_PRE_DEPOSIT_AGREEMENTS_JOB/Task_238451_AddARCDFtoAG_PRE_DEPOSIT_AGREEMENTS_JOB.sql"/>
               <projectURL path="../o.sqldeveloper/projects/IdeConnections#VHGTEST_BIFROST.jpr"/>
               <recentTime>0</recentTime>
               <reopen>false</reopen>
               <workspaceURL path="../o.sqldeveloper/projects/Databases.jws"/>
            </Item>
            <Item class="oracle.ide.editor.RecentFile">
               <editor>oracle.ideimpl.editor.DeclarativeEditorAddin-oracle.dbtools.worksheet.editor.Worksheet</editor>
               <explicit>true</explicit>
               <nodeClass>oracle.ide.db.model.SqlNode</nodeClass>
               <nodeURL path="../../../../../../../WORK/OLTP_tasks/FOREIGNPAYMENTS_TST_body_2.sql"/>
               <projectURL path="../o.sqldeveloper/projects/IdeConnections#VHGTEST_BIFROST.jpr"/>
               <recentTime>0</recentTime>
               <reopen>false</reopen>
               <workspaceURL path="../o.sqldeveloper/projects/Databases.jws"/>
            </Item>
            <Item class="oracle.ide.editor.RecentFile">
               <editor>oracle.ideimpl.editor.DeclarativeEditorAddin-oracle.dbtools.worksheet.editor.Worksheet</editor>
               <explicit>true</explicit>
               <nodeClass>oracle.ide.db.model.SqlNode</nodeClass>
               <nodeURL path="../../../../../../../WORK/OLTP_tasks/FOREIGNPAYMENTS_body_1.sql"/>
               <projectURL path="../o.sqldeveloper/projects/IdeConnections#VHGTEST_BIFROST.jpr"/>
               <recentTime>0</recentTime>
               <reopen>false</reopen>
               <workspaceURL path="../o.sqldeveloper/projects/Databases.jws"/>
            </Item>
            <Item class="oracle.ide.editor.RecentFile">
               <editor>oracle.ideimpl.editor.DeclarativeEditorAddin-oracle.dbtools.worksheet.editor.Worksheet</editor>
               <explicit>true</explicit>
               <nodeClass>oracle.ide.db.model.SqlNode</nodeClass>
               <nodeURL path="../../../../../../../WORK/OLTP_tasks/FOREIGNPAYMENTS_1.sql"/>
               <projectURL path="../o.sqldeveloper/projects/IdeConnections#VHGTEST_BIFROST.jpr"/>
               <recentTime>0</recentTime>
               <reopen>false</reopen>
               <workspaceURL path="../o.sqldeveloper/projects/Databases.jws"/>
            </Item>
         </lruFiles>
         <recentFilesShowAll>false</recentFilesShowAll>
         <recentFilesShowClosedOnly>true</recentFilesShowClosedOnly>
      </Value>
   </Item>
   <Item>
      <Key>global-ignore-list</Key>
      <Value class="oracle.ide.config.GlobalIgnoreList">
         <list class="java.util.ArrayList">
            <Item class="oracle.javatools.util.Pair">
               <first class="java.lang.String">**/CVS/**</first>
               <second class="java.lang.Boolean">true</second>
            </Item>
            <Item class="oracle.javatools.util.Pair">
               <first class="java.lang.String">**/.#*</first>
               <second class="java.lang.Boolean">true</second>
            </Item>
            <Item class="oracle.javatools.util.Pair">
               <first class="java.lang.String">**/*.rvi</first>
               <second class="java.lang.Boolean">true</second>
            </Item>
            <Item class="oracle.javatools.util.Pair">
               <first class="java.lang.String">**/*.keep</first>
               <second class="java.lang.Boolean">true</second>
            </Item>
            <Item class="oracle.javatools.util.Pair">
               <first class="java.lang.String">**/*.contrib*</first>
               <second class="java.lang.Boolean">true</second>
            </Item>
            <Item class="oracle.javatools.util.Pair">
               <first class="java.lang.String">**/.ade_path/**</first>
               <second class="java.lang.Boolean">true</second>
            </Item>
            <Item class="oracle.javatools.util.Pair">
               <first class="java.lang.String">**/.ade_path</first>
               <second class="java.lang.Boolean">true</second>
            </Item>
            <Item class="oracle.javatools.util.Pair">
               <first class="java.lang.String">**/.depprod</first>
               <second class="java.lang.Boolean">true</second>
            </Item>
            <Item class="oracle.javatools.util.Pair">
               <first class="java.lang.String">**/.depprod_nt</first>
               <second class="java.lang.Boolean">true</second>
            </Item>
            <Item class="oracle.javatools.util.Pair">
               <first class="java.lang.String">**/.fullsource</first>
               <second class="java.lang.Boolean">true</second>
            </Item>
            <Item class="oracle.javatools.util.Pair">
               <first class="java.lang.String">**/.fullsource_nt</first>
               <second class="java.lang.Boolean">true</second>
            </Item>
            <Item class="oracle.javatools.util.Pair">
               <first class="java.lang.String">**/.*.cs</first>
               <second class="java.lang.Boolean">true</second>
            </Item>
            <Item class="oracle.javatools.util.Pair">
               <first class="java.lang.String">**/*.labellog.emd</first>
               <second class="java.lang.Boolean">true</second>
            </Item>
            <Item class="oracle.javatools.util.Pair">
               <first class="java.lang.String">**/*.ignore</first>
               <second class="java.lang.Boolean">true</second>
            </Item>
            <Item class="oracle.javatools.util.Pair">
               <first class="java.lang.String">**/*.generated.java</first>
               <second class="java.lang.Boolean">true</second>
            </Item>
            <Item class="oracle.javatools.util.Pair">
               <first class="java.lang.String">**/*.bak</first>
               <second class="java.lang.Boolean">true</second>
            </Item>
            <Item class="oracle.javatools.util.Pair">
               <first class="java.lang.String">**/*.cdi</first>
               <second class="java.lang.Boolean">true</second>
            </Item>
            <Item class="oracle.javatools.util.Pair">
               <first class="java.lang.String">**/.data/**</first>
               <second class="java.lang.Boolean">true</second>
            </Item>
            <Item class="oracle.javatools.util.Pair">
               <first class="java.lang.String">**/.svn/**</first>
               <second class="java.lang.Boolean">true</second>
            </Item>
            <Item class="oracle.javatools.util.Pair">
               <first class="java.lang.String">**/*.client_contrib</first>
               <second class="java.lang.Boolean">true</second>
            </Item>
            <Item class="oracle.javatools.util.Pair">
               <first class="java.lang.String">**/*.saved.*</first>
               <second class="java.lang.Boolean">true</second>
            </Item>
            <Item class="oracle.javatools.util.Pair">
               <first class="java.lang.String">**/*.unco.*</first>
               <second class="java.lang.Boolean">true</second>
            </Item>
            <Item class="oracle.javatools.util.Pair">
               <first class="java.lang.String">**/*.unbranch.*</first>
               <second class="java.lang.Boolean">true</second>
            </Item>
            <Item class="oracle.javatools.util.Pair">
               <first class="java.lang.String">**/*.rename.*</first>
               <second class="java.lang.Boolean">true</second>
            </Item>
            <Item class="oracle.javatools.util.Pair">
               <first class="java.lang.String">**/*.sync.*</first>
               <second class="java.lang.Boolean">true</second>
            </Item>
            <Item class="oracle.javatools.util.Pair">
               <first class="java.lang.String">**/*.unmkelem.*</first>
               <second class="java.lang.Boolean">true</second>
            </Item>
            <Item class="oracle.javatools.util.Pair">
               <first class="java.lang.String">**/*.mv.*</first>
               <second class="java.lang.Boolean">true</second>
            </Item>
            <Item class="oracle.javatools.util.Pair">
               <first class="java.lang.String">**/*.scc</first>
               <second class="java.lang.Boolean">true</second>
            </Item>
            <Item class="oracle.javatools.util.Pair">
               <first class="java.lang.String">**/*~</first>
               <second class="java.lang.Boolean">true</second>
            </Item>
            <Item class="oracle.javatools.util.Pair">
               <first class="java.lang.String">**/*#JDEVADF_*</first>
               <second class="java.lang.Boolean">true</second>
            </Item>
            <Item class="oracle.javatools.util.Pair">
               <first class="java.lang.String">**/.do_pool</first>
               <second class="java.lang.Boolean">true</second>
            </Item>
            <Item class="oracle.javatools.util.Pair">
               <first class="java.lang.String">**/.do_pool/**</first>
               <second class="java.lang.Boolean">true</second>
            </Item>
            <Item class="oracle.javatools.util.Pair">
               <first class="java.lang.String">**/.DS_Store</first>
               <second class="java.lang.Boolean">true</second>
            </Item>
            <Item class="oracle.javatools.util.Pair">
               <first class="java.lang.String">**/*.DS_Store</first>
               <second class="java.lang.Boolean">true</second>
            </Item>
            <Item class="oracle.javatools.util.Pair">
               <first class="java.lang.String">**/*.local</first>
               <second class="java.lang.Boolean">true</second>
            </Item>
            <Item class="oracle.javatools.util.Pair">
               <first class="java.lang.String">**/*.localz</first>
               <second class="java.lang.Boolean">true</second>
            </Item>
         </list>
      </Value>
   </Item>
</client-settings>
