<LayoutInfo>
   <clientLayoutData>
      <global>
         <view-data ReportsDummy="true" ID="ReportNavigatorWindow.DatabaseReports"/>
         <view-data ClosedByUser="false" ID="LogWindow.Log"/>
      </global>
      <Editing layout-name="Editing">
         <view-data USE_LARGE_ICONS="true" pageSelection="" ID="PALETTEFACTORY.PALETTE"/>
         <view-data Inspector.selectedCategory.count="0" InspectorWindow="SingletonInspectorWindow" InspectorWindow.SingletonInspectorWindow.autoExpandSizeCount.west.="0" InspectorWindow.SingletonInspectorWindow.autoExpandSizeCount.south.="0" InspectorWindow.SingletonInspectorWindow.showStatus="false" InspectorWindow.SingletonInspectorWindow.autoExpandSizeCount.north.="0" InspectorWindow.SingletonInspectorWindow.showReadOnly="false" InspectorWindow.SingletonInspectorWindow.showWriteOnly="false" ID="InspectorWindow.SingletonInspectorWindow" InspectorWindow.SingletonInspectorWindow.formMode="true" InspectorWindow.SingletonInspectorWindow.autoExpandEnabled="false" InspectorWindow.SingletonInspectorWindow.autoExpandSizeCount.east.="0" Inspector.unselectedCategory.count="0"/>
      </Editing>
   </clientLayoutData>
   <knownDockableFactories>
      <Debugger/>
      <OWA_OUTPUT_DOCKABLE_VIEW_TYPE/>
      <MigrationProjectNavigatorWindow/>
      <PALETTEFACTORY/>
      <GridNavWindow/>
      <InspectorWindow/>
      <ReportNavigatorWindow/>
      <EXTDockable/>
      <Systemoracle_ideimpl_editor_RecentFiles_VIEW_TYPE/>
      <DBMS_OUTPUT_DOCKABLE_VIEW_TYPE/>
      <oracle-jdeveloper-subversion-PendingChangesWindow/>
      <OUTLINE_VIEW_TYPE/>
      <SEARCH_VIEW_TYPE/>
      <BOOKMARKS_VIEW_TYPE/>
      <DatabaseNavigatorWindow/>
      <SPATIAL_VIEW_TYPE/>
      <RECENT_OBJECTS_VIEW_TYPE/>
      <VersioningNavigatorWindow/>
      <RunManagerWindow/>
      <Applicationoracle_ideimpl_editor_RecentFiles_VIEW_TYPE/>
      <SshNavigatorWindow/>
      <ExplorerWindow/>
      <SQLHISTORY_VIEW_TYPE/>
      <TestNavWindow/>
      <LogWindow/>
      <VHVPropertiesDockable/>
      <ViewType_SVNProperties/>
      <ComponentPalette/>
   </knownDockableFactories>
   <knowTriggeredLayouts>
      <Editing/>
   </knowTriggeredLayouts>
   <visibilityLayouts/>
</LayoutInfo>
