<?xml version="1.0" encoding="UTF-8"?>
<beans xmlns="http://www.springframework.org/schema/beans"
	xmlns:xsi="http://www.w3.org/2001/XMLSchema-instance"
	xsi:schemaLocation="http://www.springframework.org/schema/beans http://www.springframework.org/schema/beans/spring-beans-3.0.xsd">
	
	<!-- Initialization for data source -->
	<bean id="dataSource" class="oracle.ucp.jdbc.PoolDataSourceImpl">
		<property name="connectionFactoryClassName"
			value="oracle.jdbc.pool.OracleDataSource" />
		<property name="URL" value="jdbc:oracle:thin:@jdbctest_medium?TNS_ADMIN=D:/temp/wallet_JDBCTEST" />
		<property name="user" value="jdbcuser" />
		<property name="password" value="WE10come12##" />
		<property name="maxPoolSize" value="10" />
		<property name="initialPoolSize" value="5" />
	</bean>
	
	<!-- Definition for EmpJDBCTemplate bean -->
	<bean id="EmpJDBCTemplate" class="EmpJDBCTemplate">
		<property name="dataSource" ref="dataSource" />
	</bean>
	
</beans>