<?xml version="1.0" encoding="UTF-8"?>
<!DOCTYPE properties SYSTEM "http://java.sun.com/dtd/properties.dtd">
<properties>
<comment>Ide Run Time Status Persistance</comment>
<entry key="oracle.ideoracle.ideimpl.IdeMigrator_migrated">true</entry>
<entry key="oracle.ide.webbrowseroracle.ideimpl.webbrowser.BrowserMigrator_migrated">true</entry>
<entry key="oracle.ide.auditoracle.jdevimpl.audit.profile.ProfileMigrator_migrated">true</entry>
<entry key="migrationStatus.lastDecision">true</entry>
<entry key="oracle.deploy.coreoracle.jdevimpl.deploy.DeploymentOptionsMigrator_migrated">true</entry>
<entry key="oracle.jdeveloper.runneroracle.jdevimpl.runner.debug.ObjectPreferencesMigrator_migrated">true</entry>
<entry key="oracle.ide.xmleforacle.bali.xml.addin.schema.SchemaMigrator_migrated">true</entry>
<entry key="oracle.jdeveloper.subversionoracle.jdevimpl.vcs.svn.migration.SVNExtensionMigrator_migrated">true</entry>
<entry key="oracle.ide.auditoracle.jdevimpl.audit.preferences.AuditPreferencesMigrator_migrated">true</entry>
<entry key="oracle.jdeveloper.runner.coreoracle.jdevimpl.debugger.breakpoint.BreakpointsMigrator_migrated">true</entry>
<entry key="oracle.ide.xmleforacle.bali.xml.addin.XMLEditorOptionsPrefsMigrator_migrated">true</entry>
<entry key="oracle.sqldeveloper.18.2.0.183.1748/DefaultWorkspace/_dataCopyied">true</entry>
<entry key="oracle.sqldeveloperoracle.dbtools.raptor.config.ConfigMigrator_migrated">true</entry>
<entry key="oracle.ideoracle.ideimpl.config.FileTypesMigrator_migrated">true</entry>
<entry key="oracle.ide.navigatororacle.ideimpl.navigator.ProjectNavigatorMigrator_migrated">true</entry>
<entry key="oracle.sqldeveloper.onsdoracle.dbtools.raptor.onsd.connection.NSMigrator_migrated">true</entry>
<entry key="oracle.ideoracle.ide.config.IdeSettingsMigrator_migrated">true</entry>
<entry key="oracle.sqldeveloper.sshoracle.dbtools.raptor.ssh.SshSettingsMigrator_migrated">true</entry>
<entry key="oracle.jdeveloper.subversionoracle.jdevimpl.vcs.svn.migration.SVNConnectionsMigrator_migrated">true</entry>
<entry key="oracle.jdeveloper.db.connectionoracle.jdevimpl.db.migration.ConnectionMigrator_migrated">true</entry>
<entry key="oracle.ide.libraryoracle.jdeveloper.library.LibraryMigrator_migrated">true</entry>
<entry key="oracle.ideoracle.ideimpl.docking.migration.WindowManagerMigrator_migrated">true</entry>
<entry key="oracle.ideoracle.ide.config.DTCacheMigrator_migrated">true</entry>
<entry key="oracle.ideoracle.ide.model.UserPropertiesMigrator_migrated">true</entry>
<entry key="oracle.ideoracle.ide.dialogs.filter.ExcludeFilterSettingsMigrator_migrated">true</entry>
<entry key="oracle.sqldeveloperoracle.dbtools.raptor.utils.RaptorSettingsMigrator_migrated">true</entry>
<entry key="oracle.sqldeveloper.18.2.0.183.1748/System.sys_dataCopyied">true</entry>
<entry key="oracle.sqldeveloper.18.2.0.183.1748/ide.properties_dataCopyied">true</entry>
<entry key="migrationStatus.lastSource">C:\Users\serhiib\AppData\Roaming\SQL Developer\system4.0.3.16.84</entry>
<entry key="oracle.sqldeveloperoracle.dbtools.raptor.cloud.connection.CloudConnectionsMigrator_migrated">true</entry>
<entry key="oracle.ide.ceditororacle.ide.ceditor.CodeEditorMigrator_migrated">true</entry>
<entry key="oracle.sqldeveloper.timestenoracle.dbtools.raptor.timesten.grid.TTGridMigrator_migrated">true</entry>
</properties>
